brand,source_url,product_url,name,description,price_text,original_price_text,image_url,sold_out_text,gender_text,season_text,source_category,source_category_url,breadcrumb_text,plp_item_category,plp_gender,listing_name,listing_price_text,listing_image_url,crawled_at
MILLET,https://www.millet.co.kr/,https://www.millet.co.kr/front/product/category/511,필터 닫기,"History of Mountain 산과 우리의 103년 스토리, 프랑스 글로벌 아웃도어 밀레",10만원 미만 10~20만원 미만 20~30만원 미만 30만원 이상,,http://www.millet.co.kr/data/misc/agBLxyZaKt5sOCb1b3vZ.1k1x9tr08sfvp.png,,,,,https://www.millet.co.kr/,PERFORMANCE > Base Layer,,,,,,2026-04-18 16:54
MILLET,https://www.millet.co.kr/,https://www.millet.co.kr/front/product/category/184?psort=new,필터 닫기,"History of Mountain 산과 우리의 103년 스토리, 프랑스 글로벌 아웃도어 밀레",10만원 미만 10~20만원 미만 20~30만원 미만 30만원 이상,,http://www.millet.co.kr/data/misc/agBLxyZaKt5sOCb1b3vZ.1k1x9tr08sfvp.png,,,,,https://www.millet.co.kr/,MEN > 자켓 > 고어텍스 자켓,,,,,,2026-04-18 16:54
MILLET,https://www.millet.co.kr/,https://www.millet.co.kr/front/product/search?keyword=%EC%8D%A8%EB%A7%90&psort=new,필터 닫기,"History of Mountain 산과 우리의 103년 스토리, 프랑스 글로벌 아웃도어 밀레",10만원 미만 10~20만원 미만 20~30만원 미만 30만원 이상,,http://www.millet.co.kr/data/misc/agBLxyZaKt5sOCb1b3vZ.1k1x9tr08sfvp.png,,,,,https://www.millet.co.kr/,https: > www.millet.co.kr,,,,,,2026-04-18 16:54
MILLET,https://www.millet.co.kr/,https://www.millet.co.kr/front/product/category/169,필터 닫기,"History of Mountain 산과 우리의 103년 스토리, 프랑스 글로벌 아웃도어 밀레",10만원 미만 10~20만원 미만 20~30만원 미만 30만원 이상,,http://www.millet.co.kr/data/misc/agBLxyZaKt5sOCb1b3vZ.1k1x9tr08sfvp.png,,,,,https://www.millet.co.kr/,GEAR > 가방,,,,,,2026-04-18 16:54
MILLET,https://www.millet.co.kr/,https://www.millet.co.kr/front/product/category/414,필터 닫기,"History of Mountain 산과 우리의 103년 스토리, 프랑스 글로벌 아웃도어 밀레",10만원 미만 10~20만원 미만 20~30만원 미만 30만원 이상,,http://www.millet.co.kr/data/misc/agBLxyZaKt5sOCb1b3vZ.1k1x9tr08sfvp.png,,,,,https://www.millet.co.kr/,PERFORMANCE,,,,,,2026-04-18 16:54
MILLET,https://www.millet.co.kr/,https://www.millet.co.kr/front/product/category/563,필터 닫기,"History of Mountain 산과 우리의 103년 스토리, 프랑스 글로벌 아웃도어 밀레",10만원 미만 10~20만원 미만 20~30만원 미만 30만원 이상,,http://www.millet.co.kr/data/misc/agBLxyZaKt5sOCb1b3vZ.1k1x9tr08sfvp.png,,,,,https://www.millet.co.kr/,PERFORMANCE > Technology,,,,,,2026-04-18 16:54
MILLET,https://www.millet.co.kr/,https://www.millet.co.kr/front/product/category/603,필터 닫기,"History of Mountain 산과 우리의 103년 스토리, 프랑스 글로벌 아웃도어 밀레",10만원 미만 10~20만원 미만 20~30만원 미만 30만원 이상,,http://www.millet.co.kr/data/misc/agBLxyZaKt5sOCb1b3vZ.1k1x9tr08sfvp.png,,,,,https://www.millet.co.kr/,PERFORMANCE > Technology > EDGE AIR,,,,,,2026-04-18 16:54
MILLET,https://www.millet.co.kr/,https://www.millet.co.kr/front/product/category/568,필터 닫기,"History of Mountain 산과 우리의 103년 스토리, 프랑스 글로벌 아웃도어 밀레",10만원 미만 10~20만원 미만 20~30만원 미만 30만원 이상,,http://www.millet.co.kr/data/misc/agBLxyZaKt5sOCb1b3vZ.1k1x9tr08sfvp.png,,,,,https://www.millet.co.kr/,PERFORMANCE > Technology > DRYNAMIC,,,,,,2026-04-18 16:54
MILLET,https://www.millet.co.kr/,https://www.millet.co.kr/front/product/category/566,필터 닫기,"History of Mountain 산과 우리의 103년 스토리, 프랑스 글로벌 아웃도어 밀레",10만원 미만 10~20만원 미만 20~30만원 미만 30만원 이상,,http://www.millet.co.kr/data/misc/agBLxyZaKt5sOCb1b3vZ.1k1x9tr08sfvp.png,,,,,https://www.millet.co.kr/,PERFORMANCE > Technology > TYPHON,,,,,,2026-04-18 16:54
MILLET,https://www.millet.co.kr/,https://www.millet.co.kr/front/product/category/564,필터 닫기,"History of Mountain 산과 우리의 103년 스토리, 프랑스 글로벌 아웃도어 밀레",10만원 미만 10~20만원 미만 20~30만원 미만 30만원 이상,,http://www.millet.co.kr/data/misc/agBLxyZaKt5sOCb1b3vZ.1k1x9tr08sfvp.png,,,,,https://www.millet.co.kr/,PERFORMANCE > Technology > GORETEX,,,,,,2026-04-18 16:54
MILLET,https://www.millet.co.kr/,https://www.millet.co.kr/front/product/category/415,필터 닫기,"History of Mountain 산과 우리의 103년 스토리, 프랑스 글로벌 아웃도어 밀레",10만원 미만 10~20만원 미만 20~30만원 미만 30만원 이상,,http://www.millet.co.kr/data/misc/agBLxyZaKt5sOCb1b3vZ.1k1x9tr08sfvp.png,,,,,https://www.millet.co.kr/,PERFORMANCE > Mountain,,,,,,2026-04-18 16:54
MILLET,https://www.millet.co.kr/,https://www.millet.co.kr/front/product/category/572,필터 닫기,"History of Mountain 산과 우리의 103년 스토리, 프랑스 글로벌 아웃도어 밀레",10만원 미만 10~20만원 미만 20~30만원 미만 30만원 이상,,http://www.millet.co.kr/data/misc/agBLxyZaKt5sOCb1b3vZ.1k1x9tr08sfvp.png,,,,,https://www.millet.co.kr/,PERFORMANCE > Mountain > 알파인 > 익스페디션,,,,,,2026-04-18 16:54
MILLET,https://www.millet.co.kr/,https://www.millet.co.kr/front/product/category/573,필터 닫기,"History of Mountain 산과 우리의 103년 스토리, 프랑스 글로벌 아웃도어 밀레",10만원 미만 10~20만원 미만 20~30만원 미만 30만원 이상,,http://www.millet.co.kr/data/misc/agBLxyZaKt5sOCb1b3vZ.1k1x9tr08sfvp.png,,,,,https://www.millet.co.kr/,PERFORMANCE > Mountain > 백패킹,,,,,,2026-04-18 16:54
MILLET,https://www.millet.co.kr/,https://www.millet.co.kr/front/product/category/574,필터 닫기,"History of Mountain 산과 우리의 103년 스토리, 프랑스 글로벌 아웃도어 밀레",10만원 미만 10~20만원 미만 20~30만원 미만 30만원 이상,,http://www.millet.co.kr/data/misc/agBLxyZaKt5sOCb1b3vZ.1k1x9tr08sfvp.png,,,,,https://www.millet.co.kr/,PERFORMANCE > Mountain > 트레킹 > 하이킹,,,,,,2026-04-18 16:54
MILLET,https://www.millet.co.kr/,https://www.millet.co.kr/front/product/category/559,필터 닫기,"History of Mountain 산과 우리의 103년 스토리, 프랑스 글로벌 아웃도어 밀레",10만원 미만 10~20만원 미만 20~30만원 미만 30만원 이상,,http://www.millet.co.kr/data/misc/agBLxyZaKt5sOCb1b3vZ.1k1x9tr08sfvp.png,,,,,https://www.millet.co.kr/,PERFORMANCE > Trail run,,,,,,2026-04-18 16:54
MILLET,https://www.millet.co.kr/,https://www.millet.co.kr/front/product/category/576,필터 닫기,"History of Mountain 산과 우리의 103년 스토리, 프랑스 글로벌 아웃도어 밀레",10만원 미만 10~20만원 미만 20~30만원 미만 30만원 이상,,http://www.millet.co.kr/data/misc/agBLxyZaKt5sOCb1b3vZ.1k1x9tr08sfvp.png,,,,,https://www.millet.co.kr/,PERFORMANCE > Mountain > 패스트하이킹,,,,,,2026-04-18 16:54
MILLET,https://www.millet.co.kr/,https://www.millet.co.kr/front/product/category/560,필터 닫기,"History of Mountain 산과 우리의 103년 스토리, 프랑스 글로벌 아웃도어 밀레",10만원 미만 10~20만원 미만 20~30만원 미만 30만원 이상,,http://www.millet.co.kr/data/misc/agBLxyZaKt5sOCb1b3vZ.1k1x9tr08sfvp.png,,,,,https://www.millet.co.kr/,PERFORMANCE > Trail run > 신발,,,,,,2026-04-18 16:54
MILLET,https://www.millet.co.kr/,https://www.millet.co.kr/front/product/category/561,필터 닫기,"History of Mountain 산과 우리의 103년 스토리, 프랑스 글로벌 아웃도어 밀레",10만원 미만 10~20만원 미만 20~30만원 미만 30만원 이상,,http://www.millet.co.kr/data/misc/agBLxyZaKt5sOCb1b3vZ.1k1x9tr08sfvp.png,,,,,https://www.millet.co.kr/,PERFORMANCE > Trail run > 의류,,,,,,2026-04-18 16:54
MILLET,https://www.millet.co.kr/,https://www.millet.co.kr/front/product/category/562,필터 닫기,"History of Mountain 산과 우리의 103년 스토리, 프랑스 글로벌 아웃도어 밀레",10만원 미만 10~20만원 미만 20~30만원 미만 30만원 이상,,http://www.millet.co.kr/data/misc/agBLxyZaKt5sOCb1b3vZ.1k1x9tr08sfvp.png,,,,,https://www.millet.co.kr/,PERFORMANCE > Trail run > 장비,,,,,,2026-04-18 16:54
MILLET,https://www.millet.co.kr/,https://www.millet.co.kr/front/product/category/556,필터 닫기,"History of Mountain 산과 우리의 103년 스토리, 프랑스 글로벌 아웃도어 밀레",10만원 미만 10~20만원 미만 20~30만원 미만 30만원 이상,,http://www.millet.co.kr/data/misc/agBLxyZaKt5sOCb1b3vZ.1k1x9tr08sfvp.png,,,,,https://www.millet.co.kr/,PERFORMANCE > Base Layer > 드라이나믹,,,,,,2026-04-18 16:54
MILLET,https://www.millet.co.kr/,https://www.millet.co.kr/front/product/category/557,필터 닫기,"History of Mountain 산과 우리의 103년 스토리, 프랑스 글로벌 아웃도어 밀레",10만원 미만 10~20만원 미만 20~30만원 미만 30만원 이상,,http://www.millet.co.kr/data/misc/agBLxyZaKt5sOCb1b3vZ.1k1x9tr08sfvp.png,,,,,https://www.millet.co.kr/,PERFORMANCE > Base Layer > 와플 울,,,,,,2026-04-18 16:54
MILLET,https://www.millet.co.kr/,https://www.millet.co.kr/front/product/category/416,필터 닫기,"History of Mountain 산과 우리의 103년 스토리, 프랑스 글로벌 아웃도어 밀레",10만원 미만 10~20만원 미만 20~30만원 미만 30만원 이상,,http://www.millet.co.kr/data/misc/agBLxyZaKt5sOCb1b3vZ.1k1x9tr08sfvp.png,,,,,https://www.millet.co.kr/,PERFORMANCE > Urban,,,,,,2026-04-18 16:54
MILLET,https://www.millet.co.kr/,https://www.millet.co.kr/front/product/category/434,필터 닫기,"History of Mountain 산과 우리의 103년 스토리, 프랑스 글로벌 아웃도어 밀레",10만원 미만 10~20만원 미만 20~30만원 미만 30만원 이상,,http://www.millet.co.kr/data/misc/agBLxyZaKt5sOCb1b3vZ.1k1x9tr08sfvp.png,,,,,https://www.millet.co.kr/,PERFORMANCE > Urban > 의류,,,,,,2026-04-18 16:54
MILLET,https://www.millet.co.kr/,https://www.millet.co.kr/front/product/category/558,필터 닫기,"History of Mountain 산과 우리의 103년 스토리, 프랑스 글로벌 아웃도어 밀레",10만원 미만 10~20만원 미만 20~30만원 미만 30만원 이상,,http://www.millet.co.kr/data/misc/agBLxyZaKt5sOCb1b3vZ.1k1x9tr08sfvp.png,,,,,https://www.millet.co.kr/,PERFORMANCE > Base Layer > 쓰루 웜,,,,,,2026-04-18 16:54
MILLET,https://www.millet.co.kr/,https://www.millet.co.kr/front/product/category/435,필터 닫기,"History of Mountain 산과 우리의 103년 스토리, 프랑스 글로벌 아웃도어 밀레",10만원 미만 10~20만원 미만 20~30만원 미만 30만원 이상,,http://www.millet.co.kr/data/misc/agBLxyZaKt5sOCb1b3vZ.1k1x9tr08sfvp.png,,,,,https://www.millet.co.kr/,PERFORMANCE > Urban > 액세서리,,,,,,2026-04-18 16:54
MILLET,https://www.millet.co.kr/,https://www.millet.co.kr/front/product/category/455,필터 닫기,"History of Mountain 산과 우리의 103년 스토리, 프랑스 글로벌 아웃도어 밀레",10만원 미만 10~20만원 미만 20~30만원 미만 30만원 이상,,http://www.millet.co.kr/data/misc/agBLxyZaKt5sOCb1b3vZ.1k1x9tr08sfvp.png,,,,,https://www.millet.co.kr/,PERFORMANCE > Acc,,,,,,2026-04-18 16:54
MILLET,https://www.millet.co.kr/,https://www.millet.co.kr/front/product/category/522,필터 닫기,"History of Mountain 산과 우리의 103년 스토리, 프랑스 글로벌 아웃도어 밀레",10만원 미만 10~20만원 미만 20~30만원 미만 30만원 이상,,http://www.millet.co.kr/data/misc/agBLxyZaKt5sOCb1b3vZ.1k1x9tr08sfvp.png,,,,,https://www.millet.co.kr/,PERFORMANCE > Acc > 침낭,,,,,,2026-04-18 16:54
MILLET,https://www.millet.co.kr/,https://www.millet.co.kr/front/product/category/423,필터 닫기,"History of Mountain 산과 우리의 103년 스토리, 프랑스 글로벌 아웃도어 밀레",10만원 미만 10~20만원 미만 20~30만원 미만 30만원 이상,,http://www.millet.co.kr/data/misc/agBLxyZaKt5sOCb1b3vZ.1k1x9tr08sfvp.png,,,,,https://www.millet.co.kr/,PERFORMANCE > Acc > 배낭,,,,,,2026-04-18 16:54
MILLET,https://www.millet.co.kr/,https://www.millet.co.kr/front/product/category/426,필터 닫기,"History of Mountain 산과 우리의 103년 스토리, 프랑스 글로벌 아웃도어 밀레",10만원 미만 10~20만원 미만 20~30만원 미만 30만원 이상,,http://www.millet.co.kr/data/misc/agBLxyZaKt5sOCb1b3vZ.1k1x9tr08sfvp.png,,,,,https://www.millet.co.kr/,PERFORMANCE > Acc > 용품,,,,,,2026-04-18 16:54
MILLET,https://www.millet.co.kr/,https://www.millet.co.kr/front/product/category/519,필터 닫기,"History of Mountain 산과 우리의 103년 스토리, 프랑스 글로벌 아웃도어 밀레",10만원 미만 10~20만원 미만 20~30만원 미만 30만원 이상,,http://www.millet.co.kr/data/misc/agBLxyZaKt5sOCb1b3vZ.1k1x9tr08sfvp.png,,,,,https://www.millet.co.kr/,PERFORMANCE > Acc > 악세사리백,,,,,,2026-04-18 16:54
MILLET,https://www.millet.co.kr/,https://www.millet.co.kr/front/product/category/156,필터 닫기,"History of Mountain 산과 우리의 103년 스토리, 프랑스 글로벌 아웃도어 밀레",10만원 미만 10~20만원 미만 20~30만원 미만 30만원 이상,,http://www.millet.co.kr/data/misc/agBLxyZaKt5sOCb1b3vZ.1k1x9tr08sfvp.png,,,,,https://www.millet.co.kr/,MEN,,,,,,2026-04-18 16:54
MILLET,https://www.millet.co.kr/,https://www.millet.co.kr/front/product/category/592,필터 닫기,"History of Mountain 산과 우리의 103년 스토리, 프랑스 글로벌 아웃도어 밀레",10만원 미만 10~20만원 미만 20~30만원 미만 30만원 이상,,http://www.millet.co.kr/data/misc/agBLxyZaKt5sOCb1b3vZ.1k1x9tr08sfvp.png,,,,,https://www.millet.co.kr/,MEN > Featured,,,,,,2026-04-18 16:54
MILLET,https://www.millet.co.kr/,https://www.millet.co.kr/front/product/category/599,필터 닫기,"History of Mountain 산과 우리의 103년 스토리, 프랑스 글로벌 아웃도어 밀레",10만원 미만 10~20만원 미만 20~30만원 미만 30만원 이상,,http://www.millet.co.kr/data/misc/agBLxyZaKt5sOCb1b3vZ.1k1x9tr08sfvp.png,,,,,https://www.millet.co.kr/,MEN > Featured > DYNEEMA,,,,,,2026-04-18 16:54
MILLET,https://www.millet.co.kr/,https://www.millet.co.kr/front/product/category/597,필터 닫기,"History of Mountain 산과 우리의 103년 스토리, 프랑스 글로벌 아웃도어 밀레",10만원 미만 10~20만원 미만 20~30만원 미만 30만원 이상,,http://www.millet.co.kr/data/misc/agBLxyZaKt5sOCb1b3vZ.1k1x9tr08sfvp.png,,,,,https://www.millet.co.kr/,MEN > Featured > 패스트하이킹,,,,,,2026-04-18 16:54
MILLET,https://www.millet.co.kr/,https://www.millet.co.kr/front/product/category/604,필터 닫기,"History of Mountain 산과 우리의 103년 스토리, 프랑스 글로벌 아웃도어 밀레",10만원 미만 10~20만원 미만 20~30만원 미만 30만원 이상,,http://www.millet.co.kr/data/misc/agBLxyZaKt5sOCb1b3vZ.1k1x9tr08sfvp.png,,,,,https://www.millet.co.kr/,MEN > Featured > AIR DOT > MESH,,,,,,2026-04-18 16:54
MILLET,https://www.millet.co.kr/,https://www.millet.co.kr/front/product/category/593,필터 닫기,"History of Mountain 산과 우리의 103년 스토리, 프랑스 글로벌 아웃도어 밀레",10만원 미만 10~20만원 미만 20~30만원 미만 30만원 이상,,http://www.millet.co.kr/data/misc/agBLxyZaKt5sOCb1b3vZ.1k1x9tr08sfvp.png,,,,,https://www.millet.co.kr/,MEN > Featured > NEW,,,,,,2026-04-18 16:54
MILLET,https://www.millet.co.kr/,https://www.millet.co.kr/front/product/category/162,필터 닫기,"History of Mountain 산과 우리의 103년 스토리, 프랑스 글로벌 아웃도어 밀레",10만원 미만 10~20만원 미만 20~30만원 미만 30만원 이상,,http://www.millet.co.kr/data/misc/agBLxyZaKt5sOCb1b3vZ.1k1x9tr08sfvp.png,,,,,https://www.millet.co.kr/,MEN > 자켓,,,,,,2026-04-18 16:54
MILLET,https://www.millet.co.kr/,https://www.millet.co.kr/front/product/category/184,필터 닫기,"History of Mountain 산과 우리의 103년 스토리, 프랑스 글로벌 아웃도어 밀레",10만원 미만 10~20만원 미만 20~30만원 미만 30만원 이상,,http://www.millet.co.kr/data/misc/agBLxyZaKt5sOCb1b3vZ.1k1x9tr08sfvp.png,,,,,https://www.millet.co.kr/,MEN > 자켓 > 고어텍스 자켓,,,,,,2026-04-18 16:54
MILLET,https://www.millet.co.kr/,https://www.millet.co.kr/front/product/category/266,필터 닫기,"History of Mountain 산과 우리의 103년 스토리, 프랑스 글로벌 아웃도어 밀레",10만원 미만 10~20만원 미만 20~30만원 미만 30만원 이상,,http://www.millet.co.kr/data/misc/agBLxyZaKt5sOCb1b3vZ.1k1x9tr08sfvp.png,,,,,https://www.millet.co.kr/,MEN > 자켓 > 방수 > 방풍자켓,,,,,,2026-04-18 16:54
MILLET,https://www.millet.co.kr/,https://www.millet.co.kr/front/product/category/570,필터 닫기,"History of Mountain 산과 우리의 103년 스토리, 프랑스 글로벌 아웃도어 밀레",10만원 미만 10~20만원 미만 20~30만원 미만 30만원 이상,,http://www.millet.co.kr/data/misc/agBLxyZaKt5sOCb1b3vZ.1k1x9tr08sfvp.png,,,,,https://www.millet.co.kr/,MEN > 자켓 > 초경량자켓,,,,,,2026-04-18 16:54
MILLET,https://www.millet.co.kr/,https://www.millet.co.kr/front/product/category/203,필터 닫기,"History of Mountain 산과 우리의 103년 스토리, 프랑스 글로벌 아웃도어 밀레",10만원 미만 10~20만원 미만 20~30만원 미만 30만원 이상,,http://www.millet.co.kr/data/misc/agBLxyZaKt5sOCb1b3vZ.1k1x9tr08sfvp.png,,,,,https://www.millet.co.kr/,MEN > 자켓 > 베스트,,,,,,2026-04-18 16:54
MILLET,https://www.millet.co.kr/,https://www.millet.co.kr/front/product/category/188,필터 닫기,"History of Mountain 산과 우리의 103년 스토리, 프랑스 글로벌 아웃도어 밀레",10만원 미만 10~20만원 미만 20~30만원 미만 30만원 이상,,http://www.millet.co.kr/data/misc/agBLxyZaKt5sOCb1b3vZ.1k1x9tr08sfvp.png,,,,,https://www.millet.co.kr/,MEN > 자켓 > 플리스,,,,,,2026-04-18 16:54
MILLET,https://www.millet.co.kr/,https://www.millet.co.kr/front/product/category/270,필터 닫기,"History of Mountain 산과 우리의 103년 스토리, 프랑스 글로벌 아웃도어 밀레",10만원 미만 10~20만원 미만 20~30만원 미만 30만원 이상,,http://www.millet.co.kr/data/misc/agBLxyZaKt5sOCb1b3vZ.1k1x9tr08sfvp.png,,,,,https://www.millet.co.kr/,MEN > 자켓 > 패딩,,,,,,2026-04-18 16:54
MILLET,https://www.millet.co.kr/,https://www.millet.co.kr/front/product/category/157,필터 닫기,"History of Mountain 산과 우리의 103년 스토리, 프랑스 글로벌 아웃도어 밀레",10만원 미만 10~20만원 미만 20~30만원 미만 30만원 이상,,http://www.millet.co.kr/data/misc/agBLxyZaKt5sOCb1b3vZ.1k1x9tr08sfvp.png,,,,,https://www.millet.co.kr/,MEN > 다운,,,,,,2026-04-18 16:54
MILLET,https://www.millet.co.kr/,https://www.millet.co.kr/front/product/category/199,필터 닫기,"History of Mountain 산과 우리의 103년 스토리, 프랑스 글로벌 아웃도어 밀레",10만원 미만 10~20만원 미만 20~30만원 미만 30만원 이상,,http://www.millet.co.kr/data/misc/agBLxyZaKt5sOCb1b3vZ.1k1x9tr08sfvp.png,,,,,https://www.millet.co.kr/,MEN > 다운 > 헤비다운,,,,,,2026-04-18 16:54
MILLET,https://www.millet.co.kr/,https://www.millet.co.kr/front/product/category/161,필터 닫기,"History of Mountain 산과 우리의 103년 스토리, 프랑스 글로벌 아웃도어 밀레",10만원 미만 10~20만원 미만 20~30만원 미만 30만원 이상,,http://www.millet.co.kr/data/misc/agBLxyZaKt5sOCb1b3vZ.1k1x9tr08sfvp.png,,,,,https://www.millet.co.kr/,MEN > 다운 > 중량다운,,,,,,2026-04-18 16:54
MILLET,https://www.millet.co.kr/,https://www.millet.co.kr/front/product/category/202,필터 닫기,"History of Mountain 산과 우리의 103년 스토리, 프랑스 글로벌 아웃도어 밀레",10만원 미만 10~20만원 미만 20~30만원 미만 30만원 이상,,http://www.millet.co.kr/data/misc/agBLxyZaKt5sOCb1b3vZ.1k1x9tr08sfvp.png,,,,,https://www.millet.co.kr/,MEN > 다운 > 다운베스트,,,,,,2026-04-18 16:54
MILLET,https://www.millet.co.kr/,https://www.millet.co.kr/front/product/category/158,필터 닫기,"History of Mountain 산과 우리의 103년 스토리, 프랑스 글로벌 아웃도어 밀레",10만원 미만 10~20만원 미만 20~30만원 미만 30만원 이상,,http://www.millet.co.kr/data/misc/agBLxyZaKt5sOCb1b3vZ.1k1x9tr08sfvp.png,,,,,https://www.millet.co.kr/,MEN > 다운 > 경량다운,,,,,,2026-04-18 16:54
MILLET,https://www.millet.co.kr/,https://www.millet.co.kr/front/product/category/201,필터 닫기,"History of Mountain 산과 우리의 103년 스토리, 프랑스 글로벌 아웃도어 밀레",10만원 미만 10~20만원 미만 20~30만원 미만 30만원 이상,,http://www.millet.co.kr/data/misc/agBLxyZaKt5sOCb1b3vZ.1k1x9tr08sfvp.png,,,,,https://www.millet.co.kr/,MEN > 다운 > 벤치 > 롱다운,,,,,,2026-04-18 16:54
MILLET,https://www.millet.co.kr/,https://www.millet.co.kr/front/product/category/182,필터 닫기,"History of Mountain 산과 우리의 103년 스토리, 프랑스 글로벌 아웃도어 밀레",10만원 미만 10~20만원 미만 20~30만원 미만 30만원 이상,,http://www.millet.co.kr/data/misc/agBLxyZaKt5sOCb1b3vZ.1k1x9tr08sfvp.png,,,,,https://www.millet.co.kr/,MEN > 상의,,,,,,2026-04-18 16:54
MILLET,https://www.millet.co.kr/,https://www.millet.co.kr/front/product/category/206,필터 닫기,"History of Mountain 산과 우리의 103년 스토리, 프랑스 글로벌 아웃도어 밀레",10만원 미만 10~20만원 미만 20~30만원 미만 30만원 이상,,http://www.millet.co.kr/data/misc/agBLxyZaKt5sOCb1b3vZ.1k1x9tr08sfvp.png,,,,,https://www.millet.co.kr/,MEN > 상의 > 반팔,,,,,,2026-04-18 16:54
MILLET,https://www.millet.co.kr/,https://www.millet.co.kr/front/product/category/204,필터 닫기,"History of Mountain 산과 우리의 103년 스토리, 프랑스 글로벌 아웃도어 밀레",10만원 미만 10~20만원 미만 20~30만원 미만 30만원 이상,,http://www.millet.co.kr/data/misc/agBLxyZaKt5sOCb1b3vZ.1k1x9tr08sfvp.png,,,,,https://www.millet.co.kr/,MEN > 상의 > SS긴팔,,,,,,2026-04-18 16:54
MILLET,https://www.millet.co.kr/,https://www.millet.co.kr/front/product/category/205,필터 닫기,"History of Mountain 산과 우리의 103년 스토리, 프랑스 글로벌 아웃도어 밀레",10만원 미만 10~20만원 미만 20~30만원 미만 30만원 이상,,http://www.millet.co.kr/data/misc/agBLxyZaKt5sOCb1b3vZ.1k1x9tr08sfvp.png,,,,,https://www.millet.co.kr/,MEN > 상의 > FW긴팔,,,,,,2026-04-18 16:54
MILLET,https://www.millet.co.kr/,https://www.millet.co.kr/front/product/category/581,필터 닫기,"History of Mountain 산과 우리의 103년 스토리, 프랑스 글로벌 아웃도어 밀레",10만원 미만 10~20만원 미만 20~30만원 미만 30만원 이상,,http://www.millet.co.kr/data/misc/agBLxyZaKt5sOCb1b3vZ.1k1x9tr08sfvp.png,,,,,https://www.millet.co.kr/,MEN > 상의 > 드라이나믹,,,,,,2026-04-18 16:54
MILLET,https://www.millet.co.kr/,https://www.millet.co.kr/front/product/category/582,필터 닫기,"History of Mountain 산과 우리의 103년 스토리, 프랑스 글로벌 아웃도어 밀레",10만원 미만 10~20만원 미만 20~30만원 미만 30만원 이상,,http://www.millet.co.kr/data/misc/agBLxyZaKt5sOCb1b3vZ.1k1x9tr08sfvp.png,,,,,https://www.millet.co.kr/,MEN > 상의 > 와플 울,,,,,,2026-04-18 16:54
MILLET,https://www.millet.co.kr/,https://www.millet.co.kr/front/product/category/583,필터 닫기,"History of Mountain 산과 우리의 103년 스토리, 프랑스 글로벌 아웃도어 밀레",10만원 미만 10~20만원 미만 20~30만원 미만 30만원 이상,,http://www.millet.co.kr/data/misc/agBLxyZaKt5sOCb1b3vZ.1k1x9tr08sfvp.png,,,,,https://www.millet.co.kr/,MEN > 상의 > 쓰루 웜,,,,,,2026-04-18 16:54
MILLET,https://www.millet.co.kr/,https://www.millet.co.kr/front/product/category/183,필터 닫기,"History of Mountain 산과 우리의 103년 스토리, 프랑스 글로벌 아웃도어 밀레",10만원 미만 10~20만원 미만 20~30만원 미만 30만원 이상,,http://www.millet.co.kr/data/misc/agBLxyZaKt5sOCb1b3vZ.1k1x9tr08sfvp.png,,,,,https://www.millet.co.kr/,MEN > 하의,,,,,,2026-04-18 16:54
MILLET,https://www.millet.co.kr/,https://www.millet.co.kr/front/product/category/209,필터 닫기,"History of Mountain 산과 우리의 103년 스토리, 프랑스 글로벌 아웃도어 밀레",10만원 미만 10~20만원 미만 20~30만원 미만 30만원 이상,,http://www.millet.co.kr/data/misc/agBLxyZaKt5sOCb1b3vZ.1k1x9tr08sfvp.png,,,,,https://www.millet.co.kr/,MEN > 하의 > 반바지,,,,,,2026-04-18 16:54
MILLET,https://www.millet.co.kr/,https://www.millet.co.kr/front/product/category/208,필터 닫기,"History of Mountain 산과 우리의 103년 스토리, 프랑스 글로벌 아웃도어 밀레",10만원 미만 10~20만원 미만 20~30만원 미만 30만원 이상,,http://www.millet.co.kr/data/misc/agBLxyZaKt5sOCb1b3vZ.1k1x9tr08sfvp.png,,,,,https://www.millet.co.kr/,MEN > 하의 > FW긴바지,,,,,,2026-04-18 16:54
MILLET,https://www.millet.co.kr/,https://www.millet.co.kr/front/product/category/541,필터 닫기,"History of Mountain 산과 우리의 103년 스토리, 프랑스 글로벌 아웃도어 밀레",10만원 미만 10~20만원 미만 20~30만원 미만 30만원 이상,,http://www.millet.co.kr/data/misc/agBLxyZaKt5sOCb1b3vZ.1k1x9tr08sfvp.png,,,,,https://www.millet.co.kr/,MEN > 신발,,,,,,2026-04-18 16:54
MILLET,https://www.millet.co.kr/,https://www.millet.co.kr/front/product/category/207,필터 닫기,"History of Mountain 산과 우리의 103년 스토리, 프랑스 글로벌 아웃도어 밀레",10만원 미만 10~20만원 미만 20~30만원 미만 30만원 이상,,http://www.millet.co.kr/data/misc/agBLxyZaKt5sOCb1b3vZ.1k1x9tr08sfvp.png,,,,,https://www.millet.co.kr/,MEN > 하의 > SS긴바지,,,,,,2026-04-18 16:54
MILLET,https://www.millet.co.kr/,https://www.millet.co.kr/front/product/category/166,필터 닫기,"History of Mountain 산과 우리의 103년 스토리, 프랑스 글로벌 아웃도어 밀레",10만원 미만 10~20만원 미만 20~30만원 미만 30만원 이상,,http://www.millet.co.kr/data/misc/agBLxyZaKt5sOCb1b3vZ.1k1x9tr08sfvp.png,,,,,https://www.millet.co.kr/,MEN > 신발 > 트레킹,,,,,,2026-04-18 16:54
MILLET,https://www.millet.co.kr/,https://www.millet.co.kr/front/product/category/224,필터 닫기,"History of Mountain 산과 우리의 103년 스토리, 프랑스 글로벌 아웃도어 밀레",10만원 미만 10~20만원 미만 20~30만원 미만 30만원 이상,,http://www.millet.co.kr/data/misc/agBLxyZaKt5sOCb1b3vZ.1k1x9tr08sfvp.png,,,,,https://www.millet.co.kr/,MEN > 신발 > 아웃도어 워킹,,,,,,2026-04-18 16:54
MILLET,https://www.millet.co.kr/,https://www.millet.co.kr/front/product/category/409,필터 닫기,"History of Mountain 산과 우리의 103년 스토리, 프랑스 글로벌 아웃도어 밀레",10만원 미만 10~20만원 미만 20~30만원 미만 30만원 이상,,http://www.millet.co.kr/data/misc/agBLxyZaKt5sOCb1b3vZ.1k1x9tr08sfvp.png,,,,,https://www.millet.co.kr/,MEN > 신발 > 릿지화,,,,,,2026-04-18 16:54
MILLET,https://www.millet.co.kr/,https://www.millet.co.kr/front/product/category/167,필터 닫기,"History of Mountain 산과 우리의 103년 스토리, 프랑스 글로벌 아웃도어 밀레",10만원 미만 10~20만원 미만 20~30만원 미만 30만원 이상,,http://www.millet.co.kr/data/misc/agBLxyZaKt5sOCb1b3vZ.1k1x9tr08sfvp.png,,,,,https://www.millet.co.kr/,MEN > 신발 > 라이트 워킹,,,,,,2026-04-18 16:54
MILLET,https://www.millet.co.kr/,https://www.millet.co.kr/front/product/category/225,필터 닫기,"History of Mountain 산과 우리의 103년 스토리, 프랑스 글로벌 아웃도어 밀레",10만원 미만 10~20만원 미만 20~30만원 미만 30만원 이상,,http://www.millet.co.kr/data/misc/agBLxyZaKt5sOCb1b3vZ.1k1x9tr08sfvp.png,,,,,https://www.millet.co.kr/,MEN > 신발 > 트레일 워킹,,,,,,2026-04-18 16:54
MILLET,https://www.millet.co.kr/,https://www.millet.co.kr/front/product/category/591,필터 닫기,"History of Mountain 산과 우리의 103년 스토리, 프랑스 글로벌 아웃도어 밀레",10만원 미만 10~20만원 미만 20~30만원 미만 30만원 이상,,http://www.millet.co.kr/data/misc/agBLxyZaKt5sOCb1b3vZ.1k1x9tr08sfvp.png,,,,,https://www.millet.co.kr/,WOMEN > Featured,,,,,,2026-04-18 16:54
MILLET,https://www.millet.co.kr/,https://www.millet.co.kr/front/product/category/159,필터 닫기,"History of Mountain 산과 우리의 103년 스토리, 프랑스 글로벌 아웃도어 밀레",10만원 미만 10~20만원 미만 20~30만원 미만 30만원 이상,,http://www.millet.co.kr/data/misc/agBLxyZaKt5sOCb1b3vZ.1k1x9tr08sfvp.png,,,,,https://www.millet.co.kr/,WOMEN,,,,,,2026-04-18 16:54
MILLET,https://www.millet.co.kr/,https://www.millet.co.kr/front/product/category/594,필터 닫기,"History of Mountain 산과 우리의 103년 스토리, 프랑스 글로벌 아웃도어 밀레",10만원 미만 10~20만원 미만 20~30만원 미만 30만원 이상,,http://www.millet.co.kr/data/misc/agBLxyZaKt5sOCb1b3vZ.1k1x9tr08sfvp.png,,,,,https://www.millet.co.kr/,WOMEN > Featured > NEW,,,,,,2026-04-18 16:54
MILLET,https://www.millet.co.kr/,https://www.millet.co.kr/front/product/category/595,필터 닫기,"History of Mountain 산과 우리의 103년 스토리, 프랑스 글로벌 아웃도어 밀레",10만원 미만 10~20만원 미만 20~30만원 미만 30만원 이상,,http://www.millet.co.kr/data/misc/agBLxyZaKt5sOCb1b3vZ.1k1x9tr08sfvp.png,,,,,https://www.millet.co.kr/,WOMEN > Featured > Romatic Hike,,,,,,2026-04-18 16:54
MILLET,https://www.millet.co.kr/,https://www.millet.co.kr/front/product/category/600,필터 닫기,"History of Mountain 산과 우리의 103년 스토리, 프랑스 글로벌 아웃도어 밀레",10만원 미만 10~20만원 미만 20~30만원 미만 30만원 이상,,http://www.millet.co.kr/data/misc/agBLxyZaKt5sOCb1b3vZ.1k1x9tr08sfvp.png,,,,,https://www.millet.co.kr/,WOMEN > Featured > DYNEEMA,,,,,,2026-04-18 16:54
MILLET,https://www.millet.co.kr/,https://www.millet.co.kr/front/product/category/598,필터 닫기,"History of Mountain 산과 우리의 103년 스토리, 프랑스 글로벌 아웃도어 밀레",10만원 미만 10~20만원 미만 20~30만원 미만 30만원 이상,,http://www.millet.co.kr/data/misc/agBLxyZaKt5sOCb1b3vZ.1k1x9tr08sfvp.png,,,,,https://www.millet.co.kr/,WOMEN > Featured > 패스트하이킹,,,,,,2026-04-18 16:54
MILLET,https://www.millet.co.kr/,https://www.millet.co.kr/front/product/category/606,필터 닫기,"History of Mountain 산과 우리의 103년 스토리, 프랑스 글로벌 아웃도어 밀레",10만원 미만 10~20만원 미만 20~30만원 미만 30만원 이상,,http://www.millet.co.kr/data/misc/agBLxyZaKt5sOCb1b3vZ.1k1x9tr08sfvp.png,,,,,https://www.millet.co.kr/,WOMEN > Featured > AIR DOT > MESH,,,,,,2026-04-18 16:54
MILLET,https://www.millet.co.kr/,https://www.millet.co.kr/front/product/category/186,필터 닫기,"History of Mountain 산과 우리의 103년 스토리, 프랑스 글로벌 아웃도어 밀레",10만원 미만 10~20만원 미만 20~30만원 미만 30만원 이상,,http://www.millet.co.kr/data/misc/agBLxyZaKt5sOCb1b3vZ.1k1x9tr08sfvp.png,,,,,https://www.millet.co.kr/,WOMEN > 자켓,,,,,,2026-04-18 16:54
MILLET,https://www.millet.co.kr/,https://www.millet.co.kr/front/product/category/215,필터 닫기,"History of Mountain 산과 우리의 103년 스토리, 프랑스 글로벌 아웃도어 밀레",10만원 미만 10~20만원 미만 20~30만원 미만 30만원 이상,,http://www.millet.co.kr/data/misc/agBLxyZaKt5sOCb1b3vZ.1k1x9tr08sfvp.png,,,,,https://www.millet.co.kr/,WOMEN > 자켓 > 고어텍스 자켓,,,,,,2026-04-18 16:54
MILLET,https://www.millet.co.kr/,https://www.millet.co.kr/front/product/category/217,필터 닫기,"History of Mountain 산과 우리의 103년 스토리, 프랑스 글로벌 아웃도어 밀레",10만원 미만 10~20만원 미만 20~30만원 미만 30만원 이상,,http://www.millet.co.kr/data/misc/agBLxyZaKt5sOCb1b3vZ.1k1x9tr08sfvp.png,,,,,https://www.millet.co.kr/,WOMEN > 자켓 > 방수 > 방풍자켓,,,,,,2026-04-18 16:54
MILLET,https://www.millet.co.kr/,https://www.millet.co.kr/front/product/category/571,필터 닫기,"History of Mountain 산과 우리의 103년 스토리, 프랑스 글로벌 아웃도어 밀레",10만원 미만 10~20만원 미만 20~30만원 미만 30만원 이상,,http://www.millet.co.kr/data/misc/agBLxyZaKt5sOCb1b3vZ.1k1x9tr08sfvp.png,,,,,https://www.millet.co.kr/,WOMEN > 자켓 > 초경량자켓,,,,,,2026-04-18 16:54
MILLET,https://www.millet.co.kr/,https://www.millet.co.kr/front/product/category/218,필터 닫기,"History of Mountain 산과 우리의 103년 스토리, 프랑스 글로벌 아웃도어 밀레",10만원 미만 10~20만원 미만 20~30만원 미만 30만원 이상,,http://www.millet.co.kr/data/misc/agBLxyZaKt5sOCb1b3vZ.1k1x9tr08sfvp.png,,,,,https://www.millet.co.kr/,WOMEN > 자켓 > 베스트,,,,,,2026-04-18 16:54
MILLET,https://www.millet.co.kr/,https://www.millet.co.kr/front/product/category/190,필터 닫기,"History of Mountain 산과 우리의 103년 스토리, 프랑스 글로벌 아웃도어 밀레",10만원 미만 10~20만원 미만 20~30만원 미만 30만원 이상,,http://www.millet.co.kr/data/misc/agBLxyZaKt5sOCb1b3vZ.1k1x9tr08sfvp.png,,,,,https://www.millet.co.kr/,WOMEN > 자켓 > 플리스,,,,,,2026-04-18 16:54
MILLET,https://www.millet.co.kr/,https://www.millet.co.kr/front/product/category/271,필터 닫기,"History of Mountain 산과 우리의 103년 스토리, 프랑스 글로벌 아웃도어 밀레",10만원 미만 10~20만원 미만 20~30만원 미만 30만원 이상,,http://www.millet.co.kr/data/misc/agBLxyZaKt5sOCb1b3vZ.1k1x9tr08sfvp.png,,,,,https://www.millet.co.kr/,WOMEN > 자켓 > 패딩,,,,,,2026-04-18 16:54
MILLET,https://www.millet.co.kr/,https://www.millet.co.kr/front/product/category/185,필터 닫기,"History of Mountain 산과 우리의 103년 스토리, 프랑스 글로벌 아웃도어 밀레",10만원 미만 10~20만원 미만 20~30만원 미만 30만원 이상,,http://www.millet.co.kr/data/misc/agBLxyZaKt5sOCb1b3vZ.1k1x9tr08sfvp.png,,,,,https://www.millet.co.kr/,WOMEN > 다운,,,,,,2026-04-18 16:54
MILLET,https://www.millet.co.kr/,https://www.millet.co.kr/front/product/category/210,필터 닫기,"History of Mountain 산과 우리의 103년 스토리, 프랑스 글로벌 아웃도어 밀레",10만원 미만 10~20만원 미만 20~30만원 미만 30만원 이상,,http://www.millet.co.kr/data/misc/agBLxyZaKt5sOCb1b3vZ.1k1x9tr08sfvp.png,,,,,https://www.millet.co.kr/,WOMEN > 다운 > 경량다운,,,,,,2026-04-18 16:54
MILLET,https://www.millet.co.kr/,https://www.millet.co.kr/front/product/category/211,필터 닫기,"History of Mountain 산과 우리의 103년 스토리, 프랑스 글로벌 아웃도어 밀레",10만원 미만 10~20만원 미만 20~30만원 미만 30만원 이상,,http://www.millet.co.kr/data/misc/agBLxyZaKt5sOCb1b3vZ.1k1x9tr08sfvp.png,,,,,https://www.millet.co.kr/,WOMEN > 다운 > 중량다운,,,,,,2026-04-18 16:54
MILLET,https://www.millet.co.kr/,https://www.millet.co.kr/front/product/category/212,필터 닫기,"History of Mountain 산과 우리의 103년 스토리, 프랑스 글로벌 아웃도어 밀레",10만원 미만 10~20만원 미만 20~30만원 미만 30만원 이상,,http://www.millet.co.kr/data/misc/agBLxyZaKt5sOCb1b3vZ.1k1x9tr08sfvp.png,,,,,https://www.millet.co.kr/,WOMEN > 다운 > 야상형,,,,,,2026-04-18 16:54
MILLET,https://www.millet.co.kr/,https://www.millet.co.kr/front/product/category/214,필터 닫기,"History of Mountain 산과 우리의 103년 스토리, 프랑스 글로벌 아웃도어 밀레",10만원 미만 10~20만원 미만 20~30만원 미만 30만원 이상,,http://www.millet.co.kr/data/misc/agBLxyZaKt5sOCb1b3vZ.1k1x9tr08sfvp.png,,,,,https://www.millet.co.kr/,WOMEN > 다운 > 다운베스트,,,,,,2026-04-18 16:54
MILLET,https://www.millet.co.kr/,https://www.millet.co.kr/front/product/category/213,필터 닫기,"History of Mountain 산과 우리의 103년 스토리, 프랑스 글로벌 아웃도어 밀레",10만원 미만 10~20만원 미만 20~30만원 미만 30만원 이상,,http://www.millet.co.kr/data/misc/agBLxyZaKt5sOCb1b3vZ.1k1x9tr08sfvp.png,,,,,https://www.millet.co.kr/,WOMEN > 다운 > 벤치 > 롱다운,,,,,,2026-04-18 16:54
MILLET,https://www.millet.co.kr/,https://www.millet.co.kr/front/product/category/191,필터 닫기,"History of Mountain 산과 우리의 103년 스토리, 프랑스 글로벌 아웃도어 밀레",10만원 미만 10~20만원 미만 20~30만원 미만 30만원 이상,,http://www.millet.co.kr/data/misc/agBLxyZaKt5sOCb1b3vZ.1k1x9tr08sfvp.png,,,,,https://www.millet.co.kr/,WOMEN > 상의,,,,,,2026-04-18 16:54
MILLET,https://www.millet.co.kr/,https://www.millet.co.kr/front/product/category/219,필터 닫기,"History of Mountain 산과 우리의 103년 스토리, 프랑스 글로벌 아웃도어 밀레",10만원 미만 10~20만원 미만 20~30만원 미만 30만원 이상,,http://www.millet.co.kr/data/misc/agBLxyZaKt5sOCb1b3vZ.1k1x9tr08sfvp.png,,,,,https://www.millet.co.kr/,WOMEN > 상의 > 반팔,,,,,,2026-04-18 16:54
MILLET,https://www.millet.co.kr/,https://www.millet.co.kr/front/product/category/192,필터 닫기,"History of Mountain 산과 우리의 103년 스토리, 프랑스 글로벌 아웃도어 밀레",10만원 미만 10~20만원 미만 20~30만원 미만 30만원 이상,,http://www.millet.co.kr/data/misc/agBLxyZaKt5sOCb1b3vZ.1k1x9tr08sfvp.png,,,,,https://www.millet.co.kr/,WOMEN > 상의 > SS긴팔,,,,,,2026-04-18 16:54
MILLET,https://www.millet.co.kr/,https://www.millet.co.kr/front/product/category/193,필터 닫기,"History of Mountain 산과 우리의 103년 스토리, 프랑스 글로벌 아웃도어 밀레",10만원 미만 10~20만원 미만 20~30만원 미만 30만원 이상,,http://www.millet.co.kr/data/misc/agBLxyZaKt5sOCb1b3vZ.1k1x9tr08sfvp.png,,,,,https://www.millet.co.kr/,WOMEN > 상의 > FW긴팔,,,,,,2026-04-18 16:54
MILLET,https://www.millet.co.kr/,https://www.millet.co.kr/front/product/category/585,필터 닫기,"History of Mountain 산과 우리의 103년 스토리, 프랑스 글로벌 아웃도어 밀레",10만원 미만 10~20만원 미만 20~30만원 미만 30만원 이상,,http://www.millet.co.kr/data/misc/agBLxyZaKt5sOCb1b3vZ.1k1x9tr08sfvp.png,,,,,https://www.millet.co.kr/,WOMEN > 상의 > 와플 울,,,,,,2026-04-18 16:54
MILLET,https://www.millet.co.kr/,https://www.millet.co.kr/front/product/category/584,필터 닫기,"History of Mountain 산과 우리의 103년 스토리, 프랑스 글로벌 아웃도어 밀레",10만원 미만 10~20만원 미만 20~30만원 미만 30만원 이상,,http://www.millet.co.kr/data/misc/agBLxyZaKt5sOCb1b3vZ.1k1x9tr08sfvp.png,,,,,https://www.millet.co.kr/,WOMEN > 상의 > 드라이나믹,,,,,,2026-04-18 16:54
MILLET,https://www.millet.co.kr/,https://www.millet.co.kr/front/product/category/586,필터 닫기,"History of Mountain 산과 우리의 103년 스토리, 프랑스 글로벌 아웃도어 밀레",10만원 미만 10~20만원 미만 20~30만원 미만 30만원 이상,,http://www.millet.co.kr/data/misc/agBLxyZaKt5sOCb1b3vZ.1k1x9tr08sfvp.png,,,,,https://www.millet.co.kr/,WOMEN > 상의 > 쓰루 웜,,,,,,2026-04-18 16:54
MILLET,https://www.millet.co.kr/,https://www.millet.co.kr/front/product/category/187,필터 닫기,"History of Mountain 산과 우리의 103년 스토리, 프랑스 글로벌 아웃도어 밀레",10만원 미만 10~20만원 미만 20~30만원 미만 30만원 이상,,http://www.millet.co.kr/data/misc/agBLxyZaKt5sOCb1b3vZ.1k1x9tr08sfvp.png,,,,,https://www.millet.co.kr/,WOMEN > 하의,,,,,,2026-04-18 16:54
MILLET,https://www.millet.co.kr/,https://www.millet.co.kr/front/product/category/222,필터 닫기,"History of Mountain 산과 우리의 103년 스토리, 프랑스 글로벌 아웃도어 밀레",10만원 미만 10~20만원 미만 20~30만원 미만 30만원 이상,,http://www.millet.co.kr/data/misc/agBLxyZaKt5sOCb1b3vZ.1k1x9tr08sfvp.png,,,,,https://www.millet.co.kr/,WOMEN > 하의 > 반바지,,,,,,2026-04-18 16:54
MILLET,https://www.millet.co.kr/,https://www.millet.co.kr/front/product/category/220,필터 닫기,"History of Mountain 산과 우리의 103년 스토리, 프랑스 글로벌 아웃도어 밀레",10만원 미만 10~20만원 미만 20~30만원 미만 30만원 이상,,http://www.millet.co.kr/data/misc/agBLxyZaKt5sOCb1b3vZ.1k1x9tr08sfvp.png,,,,,https://www.millet.co.kr/,WOMEN > 하의 > SS긴바지,,,,,,2026-04-18 16:54
MILLET,https://www.millet.co.kr/,https://www.millet.co.kr/front/product/category/221,필터 닫기,"History of Mountain 산과 우리의 103년 스토리, 프랑스 글로벌 아웃도어 밀레",10만원 미만 10~20만원 미만 20~30만원 미만 30만원 이상,,http://www.millet.co.kr/data/misc/agBLxyZaKt5sOCb1b3vZ.1k1x9tr08sfvp.png,,,,,https://www.millet.co.kr/,WOMEN > 하의 > FW긴바지,,,,,,2026-04-18 16:54
MILLET,https://www.millet.co.kr/,https://www.millet.co.kr/front/product/category/223,필터 닫기,"History of Mountain 산과 우리의 103년 스토리, 프랑스 글로벌 아웃도어 밀레",10만원 미만 10~20만원 미만 20~30만원 미만 30만원 이상,,http://www.millet.co.kr/data/misc/agBLxyZaKt5sOCb1b3vZ.1k1x9tr08sfvp.png,,,,,https://www.millet.co.kr/,WOMEN > 하의 > 레깅스,,,,,,2026-04-18 16:54
MILLET,https://www.millet.co.kr/,https://www.millet.co.kr/front/product/category/542,필터 닫기,"History of Mountain 산과 우리의 103년 스토리, 프랑스 글로벌 아웃도어 밀레",10만원 미만 10~20만원 미만 20~30만원 미만 30만원 이상,,http://www.millet.co.kr/data/misc/agBLxyZaKt5sOCb1b3vZ.1k1x9tr08sfvp.png,,,,,https://www.millet.co.kr/,WOMEN > 신발,,,,,,2026-04-18 16:54
MILLET,https://www.millet.co.kr/,https://www.millet.co.kr/front/product/category/227,필터 닫기,"History of Mountain 산과 우리의 103년 스토리, 프랑스 글로벌 아웃도어 밀레",10만원 미만 10~20만원 미만 20~30만원 미만 30만원 이상,,http://www.millet.co.kr/data/misc/agBLxyZaKt5sOCb1b3vZ.1k1x9tr08sfvp.png,,,,,https://www.millet.co.kr/,WOMEN > 신발 > 트레킹,,,,,,2026-04-18 16:54
MILLET,https://www.millet.co.kr/,https://www.millet.co.kr/front/product/category/229,필터 닫기,"History of Mountain 산과 우리의 103년 스토리, 프랑스 글로벌 아웃도어 밀레",10만원 미만 10~20만원 미만 20~30만원 미만 30만원 이상,,http://www.millet.co.kr/data/misc/agBLxyZaKt5sOCb1b3vZ.1k1x9tr08sfvp.png,,,,,https://www.millet.co.kr/,WOMEN > 신발 > 아웃도어 워킹,,,,,,2026-04-18 16:54
MILLET,https://www.millet.co.kr/,https://www.millet.co.kr/front/product/category/228,필터 닫기,"History of Mountain 산과 우리의 103년 스토리, 프랑스 글로벌 아웃도어 밀레",10만원 미만 10~20만원 미만 20~30만원 미만 30만원 이상,,http://www.millet.co.kr/data/misc/agBLxyZaKt5sOCb1b3vZ.1k1x9tr08sfvp.png,,,,,https://www.millet.co.kr/,WOMEN > 신발 > 라이트 워킹,,,,,,2026-04-18 16:54
MILLET,https://www.millet.co.kr/,https://www.millet.co.kr/front/product/category/410,필터 닫기,"History of Mountain 산과 우리의 103년 스토리, 프랑스 글로벌 아웃도어 밀레",10만원 미만 10~20만원 미만 20~30만원 미만 30만원 이상,,http://www.millet.co.kr/data/misc/agBLxyZaKt5sOCb1b3vZ.1k1x9tr08sfvp.png,,,,,https://www.millet.co.kr/,WOMEN > 신발 > 릿지화,,,,,,2026-04-18 16:54
MILLET,https://www.millet.co.kr/,https://www.millet.co.kr/front/product/category/230,필터 닫기,"History of Mountain 산과 우리의 103년 스토리, 프랑스 글로벌 아웃도어 밀레",10만원 미만 10~20만원 미만 20~30만원 미만 30만원 이상,,http://www.millet.co.kr/data/misc/agBLxyZaKt5sOCb1b3vZ.1k1x9tr08sfvp.png,,,,,https://www.millet.co.kr/,WOMEN > 신발 > 트레일 워킹,,,,,,2026-04-18 16:54
MILLET,https://www.millet.co.kr/,https://www.millet.co.kr/front/product/category/526,필터 닫기,"History of Mountain 산과 우리의 103년 스토리, 프랑스 글로벌 아웃도어 밀레",10만원 미만 10~20만원 미만 20~30만원 미만 30만원 이상,,http://www.millet.co.kr/data/misc/agBLxyZaKt5sOCb1b3vZ.1k1x9tr08sfvp.png,,,,,https://www.millet.co.kr/,GEAR > 가방 > 백팩 20L 이하,,,,,,2026-04-18 16:54
MILLET,https://www.millet.co.kr/,https://www.millet.co.kr/front/product/category/168,필터 닫기,"History of Mountain 산과 우리의 103년 스토리, 프랑스 글로벌 아웃도어 밀레",10만원 미만 10~20만원 미만 20~30만원 미만 30만원 이상,,http://www.millet.co.kr/data/misc/agBLxyZaKt5sOCb1b3vZ.1k1x9tr08sfvp.png,,,,,https://www.millet.co.kr/,GEAR,,,,,,2026-04-18 16:54
MILLET,https://www.millet.co.kr/,https://www.millet.co.kr/front/product/category/525,필터 닫기,"History of Mountain 산과 우리의 103년 스토리, 프랑스 글로벌 아웃도어 밀레",10만원 미만 10~20만원 미만 20~30만원 미만 30만원 이상,,http://www.millet.co.kr/data/misc/agBLxyZaKt5sOCb1b3vZ.1k1x9tr08sfvp.png,,,,,https://www.millet.co.kr/,GEAR > 가방 > 백팩 22L 이상,,,,,,2026-04-18 16:54
MILLET,https://www.millet.co.kr/,https://www.millet.co.kr/front/product/category/527,필터 닫기,"History of Mountain 산과 우리의 103년 스토리, 프랑스 글로벌 아웃도어 밀레",10만원 미만 10~20만원 미만 20~30만원 미만 30만원 이상,,http://www.millet.co.kr/data/misc/agBLxyZaKt5sOCb1b3vZ.1k1x9tr08sfvp.png,,,,,https://www.millet.co.kr/,GEAR > 가방 > 트레일러닝,,,,,,2026-04-18 16:54
MILLET,https://www.millet.co.kr/,https://www.millet.co.kr/front/product/category/528,필터 닫기,"History of Mountain 산과 우리의 103년 스토리, 프랑스 글로벌 아웃도어 밀레",10만원 미만 10~20만원 미만 20~30만원 미만 30만원 이상,,http://www.millet.co.kr/data/misc/agBLxyZaKt5sOCb1b3vZ.1k1x9tr08sfvp.png,,,,,https://www.millet.co.kr/,GEAR > 가방 > 크로스백 > 미니백,,,,,,2026-04-18 16:54
MILLET,https://www.millet.co.kr/,https://www.millet.co.kr/front/product/category/544,필터 닫기,"History of Mountain 산과 우리의 103년 스토리, 프랑스 글로벌 아웃도어 밀레",10만원 미만 10~20만원 미만 20~30만원 미만 30만원 이상,,http://www.millet.co.kr/data/misc/agBLxyZaKt5sOCb1b3vZ.1k1x9tr08sfvp.png,,,,,https://www.millet.co.kr/,GEAR > 헤드웨어,,,,,,2026-04-18 16:54
MILLET,https://www.millet.co.kr/,https://www.millet.co.kr/front/product/category/418,필터 닫기,"History of Mountain 산과 우리의 103년 스토리, 프랑스 글로벌 아웃도어 밀레",10만원 미만 10~20만원 미만 20~30만원 미만 30만원 이상,,http://www.millet.co.kr/data/misc/agBLxyZaKt5sOCb1b3vZ.1k1x9tr08sfvp.png,,,,,https://www.millet.co.kr/,GEAR > 헤드웨어 > 햇,,,,,,2026-04-18 16:54
MILLET,https://www.millet.co.kr/,https://www.millet.co.kr/front/product/category/420,필터 닫기,"History of Mountain 산과 우리의 103년 스토리, 프랑스 글로벌 아웃도어 밀레",10만원 미만 10~20만원 미만 20~30만원 미만 30만원 이상,,http://www.millet.co.kr/data/misc/agBLxyZaKt5sOCb1b3vZ.1k1x9tr08sfvp.png,,,,,https://www.millet.co.kr/,GEAR > 헤드웨어 > 캡,,,,,,2026-04-18 16:54
MILLET,https://www.millet.co.kr/,https://www.millet.co.kr/front/product/category/421,필터 닫기,"History of Mountain 산과 우리의 103년 스토리, 프랑스 글로벌 아웃도어 밀레",10만원 미만 10~20만원 미만 20~30만원 미만 30만원 이상,,http://www.millet.co.kr/data/misc/agBLxyZaKt5sOCb1b3vZ.1k1x9tr08sfvp.png,,,,,https://www.millet.co.kr/,GEAR > 헤드웨어 > 비니,,,,,,2026-04-18 16:54
MILLET,https://www.millet.co.kr/,https://www.millet.co.kr/front/product/category/548,필터 닫기,"History of Mountain 산과 우리의 103년 스토리, 프랑스 글로벌 아웃도어 밀레",10만원 미만 10~20만원 미만 20~30만원 미만 30만원 이상,,http://www.millet.co.kr/data/misc/agBLxyZaKt5sOCb1b3vZ.1k1x9tr08sfvp.png,,,,,https://www.millet.co.kr/,GEAR > 헤드웨어 > 바라클라바 > 방한모,,,,,,2026-04-18 16:54
MILLET,https://www.millet.co.kr/,https://www.millet.co.kr/front/product/category/549,필터 닫기,"History of Mountain 산과 우리의 103년 스토리, 프랑스 글로벌 아웃도어 밀레",10만원 미만 10~20만원 미만 20~30만원 미만 30만원 이상,,http://www.millet.co.kr/data/misc/agBLxyZaKt5sOCb1b3vZ.1k1x9tr08sfvp.png,,,,,https://www.millet.co.kr/,GEAR > 헤드웨어 > 넥게이터 > 귀마개,,,,,,2026-04-18 16:54
MILLET,https://www.millet.co.kr/,https://www.millet.co.kr/front/product/category/543,필터 닫기,"History of Mountain 산과 우리의 103년 스토리, 프랑스 글로벌 아웃도어 밀레",10만원 미만 10~20만원 미만 20~30만원 미만 30만원 이상,,http://www.millet.co.kr/data/misc/agBLxyZaKt5sOCb1b3vZ.1k1x9tr08sfvp.png,,,,,https://www.millet.co.kr/,GEAR > 용품,,,,,,2026-04-18 16:54
MILLET,https://www.millet.co.kr/,https://www.millet.co.kr/front/product/category/523,필터 닫기,"History of Mountain 산과 우리의 103년 스토리, 프랑스 글로벌 아웃도어 밀레",10만원 미만 10~20만원 미만 20~30만원 미만 30만원 이상,,http://www.millet.co.kr/data/misc/agBLxyZaKt5sOCb1b3vZ.1k1x9tr08sfvp.png,,,,,https://www.millet.co.kr/,GEAR > 용품 > 장갑 S > S,,,,,,2026-04-18 16:54
MILLET,https://www.millet.co.kr/,https://www.millet.co.kr/front/product/category/524,필터 닫기,"History of Mountain 산과 우리의 103년 스토리, 프랑스 글로벌 아웃도어 밀레",10만원 미만 10~20만원 미만 20~30만원 미만 30만원 이상,,http://www.millet.co.kr/data/misc/agBLxyZaKt5sOCb1b3vZ.1k1x9tr08sfvp.png,,,,,https://www.millet.co.kr/,GEAR > 용품 > 장갑 F > W,,,,,,2026-04-18 16:54
MILLET,https://www.millet.co.kr/,https://www.millet.co.kr/front/product/category/531,필터 닫기,"History of Mountain 산과 우리의 103년 스토리, 프랑스 글로벌 아웃도어 밀레",10만원 미만 10~20만원 미만 20~30만원 미만 30만원 이상,,http://www.millet.co.kr/data/misc/agBLxyZaKt5sOCb1b3vZ.1k1x9tr08sfvp.png,,,,,https://www.millet.co.kr/,GEAR > 용품 > 양말,,,,,,2026-04-18 16:54
MILLET,https://www.millet.co.kr/,https://www.millet.co.kr/front/product/category/555,필터 닫기,"History of Mountain 산과 우리의 103년 스토리, 프랑스 글로벌 아웃도어 밀레",10만원 미만 10~20만원 미만 20~30만원 미만 30만원 이상,,http://www.millet.co.kr/data/misc/agBLxyZaKt5sOCb1b3vZ.1k1x9tr08sfvp.png,,,,,https://www.millet.co.kr/,GEAR > 용품 > 기타,,,,,,2026-04-18 16:54
MILLET,https://www.millet.co.kr/,https://www.millet.co.kr/front/product/category/550,필터 닫기,"History of Mountain 산과 우리의 103년 스토리, 프랑스 글로벌 아웃도어 밀레",10만원 미만 10~20만원 미만 20~30만원 미만 30만원 이상,,http://www.millet.co.kr/data/misc/agBLxyZaKt5sOCb1b3vZ.1k1x9tr08sfvp.png,,,,,https://www.millet.co.kr/,GEAR > 장비,,,,,,2026-04-18 16:54
MILLET,https://www.millet.co.kr/,https://www.millet.co.kr/front/product/category/552,필터 닫기,"History of Mountain 산과 우리의 103년 스토리, 프랑스 글로벌 아웃도어 밀레",10만원 미만 10~20만원 미만 20~30만원 미만 30만원 이상,,http://www.millet.co.kr/data/misc/agBLxyZaKt5sOCb1b3vZ.1k1x9tr08sfvp.png,,,,,https://www.millet.co.kr/,GEAR > 장비 > 아이젠 > 스패츠,,,,,,2026-04-18 16:54
MILLET,https://www.millet.co.kr/,https://www.millet.co.kr/front/product/category/551,필터 닫기,"History of Mountain 산과 우리의 103년 스토리, 프랑스 글로벌 아웃도어 밀레",10만원 미만 10~20만원 미만 20~30만원 미만 30만원 이상,,http://www.millet.co.kr/data/misc/agBLxyZaKt5sOCb1b3vZ.1k1x9tr08sfvp.png,,,,,https://www.millet.co.kr/,GEAR > 장비 > 스틱,,,,,,2026-04-18 16:54
MILLET,https://www.millet.co.kr/,https://www.millet.co.kr/front/product/category/553,필터 닫기,"History of Mountain 산과 우리의 103년 스토리, 프랑스 글로벌 아웃도어 밀레",10만원 미만 10~20만원 미만 20~30만원 미만 30만원 이상,,http://www.millet.co.kr/data/misc/agBLxyZaKt5sOCb1b3vZ.1k1x9tr08sfvp.png,,,,,https://www.millet.co.kr/,GEAR > 장비 > 침낭,,,,,,2026-04-18 16:54
MILLET,https://www.millet.co.kr/,https://www.millet.co.kr/front/product/category/554,필터 닫기,"History of Mountain 산과 우리의 103년 스토리, 프랑스 글로벌 아웃도어 밀레",10만원 미만 10~20만원 미만 20~30만원 미만 30만원 이상,,http://www.millet.co.kr/data/misc/agBLxyZaKt5sOCb1b3vZ.1k1x9tr08sfvp.png,,,,,https://www.millet.co.kr/,GEAR > 장비 > 기타장비,,,,,,2026-04-18 16:54
MILLET,https://www.millet.co.kr/,https://www.millet.co.kr/front/product/category/577,필터 닫기,"History of Mountain 산과 우리의 103년 스토리, 프랑스 글로벌 아웃도어 밀레",10만원 미만 10~20만원 미만 20~30만원 미만 30만원 이상,,http://www.millet.co.kr/data/misc/agBLxyZaKt5sOCb1b3vZ.1k1x9tr08sfvp.png,,,,,https://www.millet.co.kr/,GEAR > 루디프로젝트,,,,,,2026-04-18 16:54
MILLET,https://www.millet.co.kr/,https://www.millet.co.kr/front/product/category/578,필터 닫기,"History of Mountain 산과 우리의 103년 스토리, 프랑스 글로벌 아웃도어 밀레",10만원 미만 10~20만원 미만 20~30만원 미만 30만원 이상,,http://www.millet.co.kr/data/misc/agBLxyZaKt5sOCb1b3vZ.1k1x9tr08sfvp.png,,,,,https://www.millet.co.kr/,GEAR > 루디프로젝트 > 스포츠선글라스,,,,,,2026-04-18 16:54
MILLET,https://www.millet.co.kr/,https://www.millet.co.kr/front/product/category/579,필터 닫기,"History of Mountain 산과 우리의 103년 스토리, 프랑스 글로벌 아웃도어 밀레",10만원 미만 10~20만원 미만 20~30만원 미만 30만원 이상,,http://www.millet.co.kr/data/misc/agBLxyZaKt5sOCb1b3vZ.1k1x9tr08sfvp.png,,,,,https://www.millet.co.kr/,GEAR > 루디프로젝트 > 패션선글라스,,,,,,2026-04-18 16:54
MILLET,https://www.millet.co.kr/,https://www.millet.co.kr/front/product/category/580,필터 닫기,"History of Mountain 산과 우리의 103년 스토리, 프랑스 글로벌 아웃도어 밀레",10만원 미만 10~20만원 미만 20~30만원 미만 30만원 이상,,http://www.millet.co.kr/data/misc/agBLxyZaKt5sOCb1b3vZ.1k1x9tr08sfvp.png,,,,,https://www.millet.co.kr/,GEAR > 루디프로젝트 > 렌즈,,,,,,2026-04-18 16:54
MILLET,https://www.millet.co.kr/,https://www.millet.co.kr/front/product/category/177,필터 닫기,"History of Mountain 산과 우리의 103년 스토리, 프랑스 글로벌 아웃도어 밀레",10만원 미만 10~20만원 미만 20~30만원 미만 30만원 이상,,http://www.millet.co.kr/data/misc/agBLxyZaKt5sOCb1b3vZ.1k1x9tr08sfvp.png,,,,,https://www.millet.co.kr/,OUTLET,,,,,,2026-04-18 16:54
MILLET,https://www.millet.co.kr/,https://www.millet.co.kr/front/product/category/178,필터 닫기,"History of Mountain 산과 우리의 103년 스토리, 프랑스 글로벌 아웃도어 밀레",10만원 미만 10~20만원 미만 20~30만원 미만 30만원 이상,,http://www.millet.co.kr/data/misc/agBLxyZaKt5sOCb1b3vZ.1k1x9tr08sfvp.png,,,,,https://www.millet.co.kr/,OUTLET > 남성용,,,,,,2026-04-18 16:54
MILLET,https://www.millet.co.kr/,https://www.millet.co.kr/front/product/category/241,필터 닫기,"History of Mountain 산과 우리의 103년 스토리, 프랑스 글로벌 아웃도어 밀레",10만원 미만 10~20만원 미만 20~30만원 미만 30만원 이상,,http://www.millet.co.kr/data/misc/agBLxyZaKt5sOCb1b3vZ.1k1x9tr08sfvp.png,,,,,https://www.millet.co.kr/,OUTLET > 남성용 > 자켓,,,,,,2026-04-18 16:54
MILLET,https://www.millet.co.kr/,https://www.millet.co.kr/front/product/category/242,필터 닫기,"History of Mountain 산과 우리의 103년 스토리, 프랑스 글로벌 아웃도어 밀레",10만원 미만 10~20만원 미만 20~30만원 미만 30만원 이상,,http://www.millet.co.kr/data/misc/agBLxyZaKt5sOCb1b3vZ.1k1x9tr08sfvp.png,,,,,https://www.millet.co.kr/,OUTLET > 남성용 > 상의,,,,,,2026-04-18 16:54
MILLET,https://www.millet.co.kr/,https://www.millet.co.kr/front/product/category/243,필터 닫기,"History of Mountain 산과 우리의 103년 스토리, 프랑스 글로벌 아웃도어 밀레",10만원 미만 10~20만원 미만 20~30만원 미만 30만원 이상,,http://www.millet.co.kr/data/misc/agBLxyZaKt5sOCb1b3vZ.1k1x9tr08sfvp.png,,,,,https://www.millet.co.kr/,OUTLET > 남성용 > 하의,,,,,,2026-04-18 16:54
MILLET,https://www.millet.co.kr/,https://www.millet.co.kr/front/product/category/244,필터 닫기,"History of Mountain 산과 우리의 103년 스토리, 프랑스 글로벌 아웃도어 밀레",10만원 미만 10~20만원 미만 20~30만원 미만 30만원 이상,,http://www.millet.co.kr/data/misc/agBLxyZaKt5sOCb1b3vZ.1k1x9tr08sfvp.png,,,,,https://www.millet.co.kr/,OUTLET > 남성용 > 트랙수트,,,,,,2026-04-18 16:54
MILLET,https://www.millet.co.kr/,https://www.millet.co.kr/front/product/category/240,필터 닫기,"History of Mountain 산과 우리의 103년 스토리, 프랑스 글로벌 아웃도어 밀레",10만원 미만 10~20만원 미만 20~30만원 미만 30만원 이상,,http://www.millet.co.kr/data/misc/agBLxyZaKt5sOCb1b3vZ.1k1x9tr08sfvp.png,,,,,https://www.millet.co.kr/,OUTLET > 여성용,,,,,,2026-04-18 16:54
MILLET,https://www.millet.co.kr/,https://www.millet.co.kr/front/product/category/246,필터 닫기,"History of Mountain 산과 우리의 103년 스토리, 프랑스 글로벌 아웃도어 밀레",10만원 미만 10~20만원 미만 20~30만원 미만 30만원 이상,,http://www.millet.co.kr/data/misc/agBLxyZaKt5sOCb1b3vZ.1k1x9tr08sfvp.png,,,,,https://www.millet.co.kr/,OUTLET > 여성용 > 자켓,,,,,,2026-04-18 16:54
MILLET,https://www.millet.co.kr/,https://www.millet.co.kr/front/product/category/247,필터 닫기,"History of Mountain 산과 우리의 103년 스토리, 프랑스 글로벌 아웃도어 밀레",10만원 미만 10~20만원 미만 20~30만원 미만 30만원 이상,,http://www.millet.co.kr/data/misc/agBLxyZaKt5sOCb1b3vZ.1k1x9tr08sfvp.png,,,,,https://www.millet.co.kr/,OUTLET > 여성용 > 상의,,,,,,2026-04-18 16:54
MILLET,https://www.millet.co.kr/,https://www.millet.co.kr/front/product/category/248,필터 닫기,"History of Mountain 산과 우리의 103년 스토리, 프랑스 글로벌 아웃도어 밀레",10만원 미만 10~20만원 미만 20~30만원 미만 30만원 이상,,http://www.millet.co.kr/data/misc/agBLxyZaKt5sOCb1b3vZ.1k1x9tr08sfvp.png,,,,,https://www.millet.co.kr/,OUTLET > 여성용 > 하의,,,,,,2026-04-18 16:54
MILLET,https://www.millet.co.kr/,https://www.millet.co.kr/front/product/category/249,필터 닫기,"History of Mountain 산과 우리의 103년 스토리, 프랑스 글로벌 아웃도어 밀레",10만원 미만 10~20만원 미만 20~30만원 미만 30만원 이상,,http://www.millet.co.kr/data/misc/agBLxyZaKt5sOCb1b3vZ.1k1x9tr08sfvp.png,,,,,https://www.millet.co.kr/,OUTLET > 여성용 > 트랙수트,,,,,,2026-04-18 16:54
MILLET,https://www.millet.co.kr/,https://www.millet.co.kr/front/product/category/250,필터 닫기,"History of Mountain 산과 우리의 103년 스토리, 프랑스 글로벌 아웃도어 밀레",10만원 미만 10~20만원 미만 20~30만원 미만 30만원 이상,,http://www.millet.co.kr/data/misc/agBLxyZaKt5sOCb1b3vZ.1k1x9tr08sfvp.png,,,,,https://www.millet.co.kr/,OUTLET > 아동,,,,,,2026-04-18 16:54
MILLET,https://www.millet.co.kr/,https://www.millet.co.kr/front/product/category/251,필터 닫기,"History of Mountain 산과 우리의 103년 스토리, 프랑스 글로벌 아웃도어 밀레",10만원 미만 10~20만원 미만 20~30만원 미만 30만원 이상,,http://www.millet.co.kr/data/misc/agBLxyZaKt5sOCb1b3vZ.1k1x9tr08sfvp.png,,,,,https://www.millet.co.kr/,OUTLET > 용품,,,,,,2026-04-18 16:54
MILLET,https://www.millet.co.kr/,https://www.millet.co.kr/front/product/category/252,필터 닫기,"History of Mountain 산과 우리의 103년 스토리, 프랑스 글로벌 아웃도어 밀레",10만원 미만 10~20만원 미만 20~30만원 미만 30만원 이상,,http://www.millet.co.kr/data/misc/agBLxyZaKt5sOCb1b3vZ.1k1x9tr08sfvp.png,,,,,https://www.millet.co.kr/,OUTLET > 용품 > 신발,,,,,,2026-04-18 16:54
MILLET,https://www.millet.co.kr/,https://www.millet.co.kr/front/product/category/253,필터 닫기,"History of Mountain 산과 우리의 103년 스토리, 프랑스 글로벌 아웃도어 밀레",10만원 미만 10~20만원 미만 20~30만원 미만 30만원 이상,,http://www.millet.co.kr/data/misc/agBLxyZaKt5sOCb1b3vZ.1k1x9tr08sfvp.png,,,,,https://www.millet.co.kr/,OUTLET > 용품 > 가방,,,,,,2026-04-18 16:54
MILLET,https://www.millet.co.kr/,https://www.millet.co.kr/front/product/category/254,필터 닫기,"History of Mountain 산과 우리의 103년 스토리, 프랑스 글로벌 아웃도어 밀레",10만원 미만 10~20만원 미만 20~30만원 미만 30만원 이상,,http://www.millet.co.kr/data/misc/agBLxyZaKt5sOCb1b3vZ.1k1x9tr08sfvp.png,,,,,https://www.millet.co.kr/,OUTLET > 용품 > 모자,,,,,,2026-04-18 16:54
MILLET,https://www.millet.co.kr/,https://www.millet.co.kr/front/product/category/256,필터 닫기,"History of Mountain 산과 우리의 103년 스토리, 프랑스 글로벌 아웃도어 밀레",10만원 미만 10~20만원 미만 20~30만원 미만 30만원 이상,,http://www.millet.co.kr/data/misc/agBLxyZaKt5sOCb1b3vZ.1k1x9tr08sfvp.png,,,,,https://www.millet.co.kr/,OUTLET > 용품 > 기타용품,,,,,,2026-04-18 16:54
MILLET,https://www.millet.co.kr/,https://www.millet.co.kr/front/product/category/255,필터 닫기,"History of Mountain 산과 우리의 103년 스토리, 프랑스 글로벌 아웃도어 밀레",10만원 미만 10~20만원 미만 20~30만원 미만 30만원 이상,,http://www.millet.co.kr/data/misc/agBLxyZaKt5sOCb1b3vZ.1k1x9tr08sfvp.png,,,,,https://www.millet.co.kr/,OUTLET > 용품 > 스틱,,,,,,2026-04-18 16:54
MILLET,https://www.millet.co.kr/,https://www.millet.co.kr/front/product/category/385,필터 닫기,"History of Mountain 산과 우리의 103년 스토리, 프랑스 글로벌 아웃도어 밀레",10만원 미만 10~20만원 미만 20~30만원 미만 30만원 이상,,http://www.millet.co.kr/data/misc/agBLxyZaKt5sOCb1b3vZ.1k1x9tr08sfvp.png,,,,,https://www.millet.co.kr/,OUTLET > STAY GOLD,,,,,,2026-04-18 16:54
MILLET,https://www.millet.co.kr/,https://www.millet.co.kr/front/product/category/388,필터 닫기,"History of Mountain 산과 우리의 103년 스토리, 프랑스 글로벌 아웃도어 밀레",10만원 미만 10~20만원 미만 20~30만원 미만 30만원 이상,,http://www.millet.co.kr/data/misc/agBLxyZaKt5sOCb1b3vZ.1k1x9tr08sfvp.png,,,,,https://www.millet.co.kr/,OUTLET > STAY GOLD > 잡화,,,,,,2026-04-18 16:54
MILLET,https://www.millet.co.kr/,https://www.millet.co.kr/front/product/category/389,필터 닫기,"History of Mountain 산과 우리의 103년 스토리, 프랑스 글로벌 아웃도어 밀레",10만원 미만 10~20만원 미만 20~30만원 미만 30만원 이상,,http://www.millet.co.kr/data/misc/agBLxyZaKt5sOCb1b3vZ.1k1x9tr08sfvp.png,,,,,https://www.millet.co.kr/,OUTLET > STAY GOLD > 양말,,,,,,2026-04-18 16:54
MILLET,https://www.millet.co.kr/,https://www.millet.co.kr/front/product/28735,LD MT 에어볼 방풍 자켓 2_MXVUJ541 공유하기 주소가 복사되었습니다.,"MILLET MXVUJ54142 LD MT 에어볼 방풍 자켓 2_MXVUJ541 공유하기 주소가 복사되었습니다. 신상품 경량 패커블 159,000원 20% 127,200원 (0) 신규회원 혜택가 107,200원 신규 가입 시 20,000원 할인쿠폰 즉시 지급 추가 혜택가 첫 구매 1만원 쿠폰 추가 발급 (첫 구매 10만원 이상일 경우) 생일 10%할인 쿠폰 발급 카드사 혜택 자세히 보기 카드사 혜택 확인 닫기 컬러 사이즈 {optItemNo=7, optNo=1, optStock=1, optCode=00007, optQty=6, optItemValue=090} 090 {optItemNo=1, optNo=1, optStock=1, optCode=00001, optQty=4, optItemValue=095} 095 {optItemNo=2, optNo=1, optStock=1, optCode=00002, optQty=7, optItemValue=100} 100 {optItemNo=3, optNo=1, optStock=1, optCode=00003, optQty=5, optItemValue=105} 105 총 상품금액 0원 찜하기 장바구니 바로구매",127200,159000,http://www.millet.co.kr/data/product/origin/20260226/24XbaITjNGqL719FWD.1ieuyy5emsxnl.jpg,,,,,https://www.millet.co.kr/,https: > www.millet.co.kr,,,,,,2026-04-18 16:54
MILLET,https://www.millet.co.kr/,https://www.millet.co.kr/front/product/28910,MT 드라이 반팔 티셔츠_MXVUT063 공유하기 주소가 복사되었습니다.,"MILLET MXVUT063M6 MT 드라이 반팔 티셔츠_MXVUT063 공유하기 주소가 복사되었습니다. 신상품 69,000원 20% 55,200원 (0) 추가 혜택가 첫 구매 1만원 쿠폰 추가 발급 (첫 구매 10만원 이상일 경우) 생일 10%할인 쿠폰 발급 카드사 혜택 자세히 보기 카드사 혜택 확인 닫기 컬러 사이즈 {optItemNo=1, optNo=1, optStock=1, optCode=00001, optQty=10, optItemValue=095} 095 {optItemNo=2, optNo=1, optStock=1, optCode=00002, optQty=15, optItemValue=100} 100 {optItemNo=3, optNo=1, optStock=1, optCode=00003, optQty=10, optItemValue=105} 105 {optItemNo=4, optNo=1, optStock=1, optCode=00004, optQty=7, optItemValue=110} 110 {optItemNo=5, optNo=1, optStock=1, optCode=00005, optQty=7, optItemValue=115} 115 {optItemNo=6, optNo=1, optStock=1, optCode=00006, optQty=7, optItemValue=120} 120 총 상품금액 0원 찜하기 장바구니 바로구매",55200,69000,http://www.millet.co.kr/data/product/origin/20260403/24XbaIXGjW93Bgy7tZ.qxfj26nrumht.jpg,,,,,https://www.millet.co.kr/,https: > www.millet.co.kr,,,,,,2026-04-18 16:54
MILLET,https://www.millet.co.kr/,https://www.millet.co.kr/front/product/28901,LD 본느 기본 카라 티셔츠_MLVUT664 공유하기 주소가 복사되었습니다.,"MILLET MLVUT664B5 LD 본느 기본 카라 티셔츠_MLVUT664 공유하기 주소가 복사되었습니다. 신상품 59,000원 20% 47,200원 (0) 추가 혜택가 첫 구매 1만원 쿠폰 추가 발급 (첫 구매 10만원 이상일 경우) 생일 10%할인 쿠폰 발급 카드사 혜택 자세히 보기 카드사 혜택 확인 닫기 컬러 사이즈 {optItemNo=1, optNo=1, optStock=1, optCode=00001, optQty=7, optItemValue=090} 090 {optItemNo=2, optNo=1, optStock=1, optCode=00002, optQty=7, optItemValue=095} 095 {optItemNo=3, optNo=1, optStock=1, optCode=00003, optQty=7, optItemValue=100} 100 {optItemNo=4, optNo=1, optStock=1, optCode=00004, optQty=7, optItemValue=105} 105 총 상품금액 0원 찜하기 장바구니 바로구매",47200,59000,http://www.millet.co.kr/data/product/origin/20260403/24Sm7qYlnQ8AecO5vl.tony4700ukab.jpg,,,,,https://www.millet.co.kr/,https: > www.millet.co.kr,,,,,,2026-04-18 16:54
MILLET,https://www.millet.co.kr/,https://www.millet.co.kr/front/product/28801,MT 트리코트 트레이닝 팬츠_MXVSH033 공유하기 주소가 복사되었습니다.,"MILLET MXVSH033E9 MT 트리코트 트레이닝 팬츠_MXVSH033 공유하기 주소가 복사되었습니다. 신상품 99,000원 30% 69,300원 (0) 추가 혜택가 첫 구매 1만원 쿠폰 추가 발급 (첫 구매 10만원 이상일 경우) 생일 10%할인 쿠폰 발급 카드사 혜택 자세히 보기 카드사 혜택 확인 닫기 컬러 사이즈 {optItemNo=1, optNo=1, optStock=1, optCode=00001, optQty=10, optItemValue=080} 080 {optItemNo=2, optNo=1, optStock=1, optCode=00002, optQty=20, optItemValue=085} 085 {optItemNo=3, optNo=1, optStock=1, optCode=00003, optQty=20, optItemValue=090} 090 {optItemNo=4, optNo=1, optStock=1, optCode=00004, optQty=9, optItemValue=095} 095 {optItemNo=5, optNo=1, optStock=1, optCode=00005, optQty=7, optItemValue=100} 100 {optItemNo=6, optNo=1, optStock=1, optCode=00006, optQty=5, optItemValue=105} 105 총 상품금액 0원 찜하기 장바구니 바로구매",69300,99000,http://www.millet.co.kr/data/product/origin/20260320/24XbaFXVs5gqiW1UcD.1iyezmp27lpph.jpg,,,,,https://www.millet.co.kr/,https: > www.millet.co.kr,,,,,,2026-04-18 16:54
MILLET,https://www.millet.co.kr/,https://www.millet.co.kr/front/product/28646,심플 파라슈트 팬츠_MQVUP498 공유하기 주소가 복사되었습니다.,"MILLET MQVUP49835 심플 파라슈트 팬츠_MQVUP498 공유하기 주소가 복사되었습니다. 신상품 119,000원 35% 77,000원 (0) 추가 혜택가 첫 구매 1만원 쿠폰 추가 발급 (첫 구매 10만원 이상일 경우) 생일 10%할인 쿠폰 발급 카드사 혜택 자세히 보기 카드사 혜택 확인 닫기 컬러 사이즈 {optItemNo=1, optNo=1, optStock=1, optCode=00001, optQty=0, optItemValue=076} 076 {optItemNo=2, optNo=1, optStock=1, optCode=00002, optQty=66, optItemValue=080} 080 {optItemNo=3, optNo=1, optStock=1, optCode=00003, optQty=80, optItemValue=084} 084 {optItemNo=4, optNo=1, optStock=1, optCode=00004, optQty=70, optItemValue=088} 088 {optItemNo=5, optNo=1, optStock=1, optCode=00005, optQty=30, optItemValue=092} 092 총 상품금액 0원 찜하기 장바구니 바로구매",77000,119000,http://www.millet.co.kr/data/product/origin/20260212/V7SJLHI2PWioxnk1.1hr861c31kk6r.jpg,,,,,https://www.millet.co.kr/,https: > www.millet.co.kr,,,,,,2026-04-18 16:54
MILLET,https://www.millet.co.kr/,https://www.millet.co.kr/front/product/28937,ML PK 카라 티셔츠_MLVUT261 공유하기 주소가 복사되었습니다.,"MILLET MLVUT261H0 ML PK 카라 티셔츠_MLVUT261 공유하기 주소가 복사되었습니다. 신상품 74,000원 20% 59,200원 (0) 추가 혜택가 첫 구매 1만원 쿠폰 추가 발급 (첫 구매 10만원 이상일 경우) 생일 10%할인 쿠폰 발급 카드사 혜택 자세히 보기 카드사 혜택 확인 닫기 컬러 사이즈 {optItemNo=1, optNo=1, optStock=1, optCode=00001, optQty=7, optItemValue=095} 095 {optItemNo=2, optNo=1, optStock=1, optCode=00002, optQty=10, optItemValue=100} 100 {optItemNo=3, optNo=1, optStock=1, optCode=00003, optQty=10, optItemValue=105} 105 {optItemNo=4, optNo=1, optStock=1, optCode=00004, optQty=7, optItemValue=110} 110 {optItemNo=5, optNo=1, optStock=1, optCode=00005, optQty=5, optItemValue=115} 115 {optItemNo=6, optNo=1, optStock=1, optCode=00006, optQty=4, optItemValue=120} 120 총 상품금액 0원 찜하기 장바구니 바로구매",59200,74000,http://www.millet.co.kr/data/product/origin/20260408/24Sm7qYlS819cx6aLB.vf0usuysi6gp.jpg,,,,,https://www.millet.co.kr/,https: > www.millet.co.kr,,,,,,2026-04-18 16:54
MILLET,https://www.millet.co.kr/,https://www.millet.co.kr/front/product/28921,LD MT 로맨틱하이크 베스트_MXVUV546 공유하기 주소가 복사되었습니다.,"MILLET MXVUV54663 LD MT 로맨틱하이크 베스트_MXVUV546 공유하기 주소가 복사되었습니다. 신상품 139,000원 20% 111,200원 (0) 신규회원 혜택가 91,200원 신규 가입 시 20,000원 할인쿠폰 즉시 지급 추가 혜택가 첫 구매 1만원 쿠폰 추가 발급 (첫 구매 10만원 이상일 경우) 생일 10%할인 쿠폰 발급 카드사 혜택 자세히 보기 카드사 혜택 확인 닫기 컬러 사이즈 {optItemNo=1, optNo=1, optStock=1, optCode=00001, optQty=5, optItemValue=090} 090 {optItemNo=2, optNo=1, optStock=1, optCode=00002, optQty=7, optItemValue=095} 095 {optItemNo=3, optNo=1, optStock=1, optCode=00003, optQty=7, optItemValue=100} 100 {optItemNo=4, optNo=1, optStock=1, optCode=00004, optQty=7, optItemValue=105} 105 총 상품금액 0원 찜하기 장바구니 바로구매",111200,139000,http://www.millet.co.kr/data/product/origin/20260403/24XbaIXz7SGsGR7E8H.1hv89xh2umdro.jpg,,,,,https://www.millet.co.kr/,https: > www.millet.co.kr,,,,,,2026-04-18 16:54
MILLET,https://www.millet.co.kr/,https://www.millet.co.kr/front/product/28827,유틸리티 메쉬 베스트_MLVUV243 공유하기 주소가 복사되었습니다.,"MILLET MLVUV243E9 유틸리티 메쉬 베스트_MLVUV243 공유하기 주소가 복사되었습니다. 신상품 99,000원 20% 79,200원 (0) 추가 혜택가 첫 구매 1만원 쿠폰 추가 발급 (첫 구매 10만원 이상일 경우) 생일 10%할인 쿠폰 발급 카드사 혜택 자세히 보기 카드사 혜택 확인 닫기 컬러 사이즈 {optItemNo=1, optNo=1, optStock=1, optCode=00001, optQty=10, optItemValue=095} 095 {optItemNo=2, optNo=1, optStock=1, optCode=00002, optQty=9, optItemValue=100} 100 {optItemNo=3, optNo=1, optStock=1, optCode=00003, optQty=10, optItemValue=105} 105 {optItemNo=4, optNo=1, optStock=1, optCode=00004, optQty=5, optItemValue=110} 110 총 상품금액 0원 찜하기 장바구니 바로구매",79200,99000,http://www.millet.co.kr/data/product/origin/20260325/24Sm7qZTPS156VW70b.u7ojln9e5k53.jpg,,,,,https://www.millet.co.kr/,https: > www.millet.co.kr,,,,,,2026-04-18 16:54
MILLET,https://www.millet.co.kr/,https://www.millet.co.kr/front/product/category/168?psort=new,필터 닫기,"History of Mountain 산과 우리의 103년 스토리, 프랑스 글로벌 아웃도어 밀레",10만원 미만 10~20만원 미만 20~30만원 미만 30만원 이상,,http://www.millet.co.kr/data/misc/agBLxyZaKt5sOCb1b3vZ.1k1x9tr08sfvp.png,,,,,https://www.millet.co.kr/,GEAR,,,,,,2026-04-18 16:54
MILLET,https://www.millet.co.kr/,https://www.millet.co.kr/front/product/28914,메시 레비스 캡_MXVSC002 공유하기 주소가 복사되었습니다.,"MILLET MXVSC00219 메시 레비스 캡_MXVSC002 공유하기 주소가 복사되었습니다. 신상품 59,000원 10% 53,100원 (0) 추가 혜택가 첫 구매 1만원 쿠폰 추가 발급 (첫 구매 10만원 이상일 경우) 생일 10%할인 쿠폰 발급 카드사 혜택 자세히 보기 카드사 혜택 확인 닫기 컬러 사이즈 {optItemNo=1, optNo=1, optStock=1, optCode=00001, optQty=15, optItemValue=FRE} FRE 총 상품금액 0원 찜하기 장바구니 바로구매",53100,59000,http://www.millet.co.kr/data/product/origin/20260403/24XbaFVjycOpBTSvOj.tog6a0mr2b8i.jpg,,,,,https://www.millet.co.kr/,https: > www.millet.co.kr,,,,,,2026-04-18 16:54
MILLET,https://www.millet.co.kr/,https://www.millet.co.kr/front/product/28943,와이드 지사 햇_MXVSC507 공유하기 주소가 복사되었습니다.,"MILLET MXVSC50745 와이드 지사 햇_MXVSC507 공유하기 주소가 복사되었습니다. 신상품 69,000원 10% 62,100원 (0) 추가 혜택가 첫 구매 1만원 쿠폰 추가 발급 (첫 구매 10만원 이상일 경우) 생일 10%할인 쿠폰 발급 카드사 혜택 자세히 보기 카드사 혜택 확인 닫기 컬러 사이즈 {optItemNo=1, optNo=1, optStock=1, optCode=00001, optQty=10, optItemValue=FRE} FRE 총 상품금액 0원 찜하기 장바구니 바로구매",62100,69000,http://www.millet.co.kr/data/product/origin/20260408/24XbaFVkPEXzxInFrd.1iyqjssu7qgqb.jpg,,,,,https://www.millet.co.kr/,https: > www.millet.co.kr,,,,,,2026-04-18 16:54
MILLET,https://www.millet.co.kr/,https://www.millet.co.kr/front/product/28740,MT 세인트 방풍 자켓 2_MXVUJ043 공유하기 주소가 복사되었습니다.,"MILLET MXVUJ04380 MT 세인트 방풍 자켓 2_MXVUJ043 공유하기 주소가 복사되었습니다. 신상품 189,000원 20% 151,200원 (0) 신규회원 혜택가 131,200원 신규 가입 시 20,000원 할인쿠폰 즉시 지급 추가 혜택가 첫 구매 1만원 쿠폰 추가 발급 (첫 구매 10만원 이상일 경우) 생일 10%할인 쿠폰 발급 카드사 혜택 자세히 보기 카드사 혜택 확인 닫기 컬러 사이즈 {optItemNo=1, optNo=1, optStock=1, optCode=00001, optQty=7, optItemValue=095} 095 {optItemNo=2, optNo=1, optStock=1, optCode=00002, optQty=7, optItemValue=100} 100 {optItemNo=3, optNo=1, optStock=1, optCode=00003, optQty=7, optItemValue=105} 105 {optItemNo=4, optNo=1, optStock=1, optCode=00004, optQty=0, optItemValue=110} 110 총 상품금액 0원 찜하기 장바구니 바로구매",151200,189000,http://www.millet.co.kr/data/product/origin/20260227/7XSF62YIyemvpTd.us2xzify39et.jpg,,,,,https://www.millet.co.kr/,https: > www.millet.co.kr,,,,,,2026-04-18 16:54
MILLET,https://www.millet.co.kr/,https://www.millet.co.kr/front/product/28829,LD 레아 베스트_MLVUV652 공유하기 주소가 복사되었습니다.,"MILLET MLVUV65216 LD 레아 베스트_MLVUV652 공유하기 주소가 복사되었습니다. 신상품 149,000원 20% 119,200원 (0) 신규회원 혜택가 99,200원 신규 가입 시 20,000원 할인쿠폰 즉시 지급 추가 혜택가 첫 구매 1만원 쿠폰 추가 발급 (첫 구매 10만원 이상일 경우) 생일 10%할인 쿠폰 발급 카드사 혜택 자세히 보기 카드사 혜택 확인 닫기 컬러 사이즈 {optItemNo=1, optNo=1, optStock=1, optCode=00001, optQty=5, optItemValue=090} 090 {optItemNo=2, optNo=1, optStock=1, optCode=00002, optQty=7, optItemValue=095} 095 {optItemNo=3, optNo=1, optStock=1, optCode=00003, optQty=7, optItemValue=100} 100 총 상품금액 0원 찜하기 장바구니 바로구매",119200,149000,http://www.millet.co.kr/data/product/origin/20260326/V6y5m5gZ3jEKPK9x.s1h69nxozs4z.jpg,,,,,https://www.millet.co.kr/,https: > www.millet.co.kr,,,,,,2026-04-18 16:54
MILLET,https://www.millet.co.kr/,https://www.millet.co.kr/front/product/28742,LD MT 세인트 방풍 자켓 2_MXVUJ543 공유하기 주소가 복사되었습니다.,"MILLET MXVUJ54323 LD MT 세인트 방풍 자켓 2_MXVUJ543 공유하기 주소가 복사되었습니다. 신상품 189,000원 20% 151,200원 (0) 신규회원 혜택가 131,200원 신규 가입 시 20,000원 할인쿠폰 즉시 지급 추가 혜택가 첫 구매 1만원 쿠폰 추가 발급 (첫 구매 10만원 이상일 경우) 생일 10%할인 쿠폰 발급 카드사 혜택 자세히 보기 카드사 혜택 확인 닫기 컬러 사이즈 {optItemNo=7, optNo=1, optStock=1, optCode=00007, optQty=7, optItemValue=090} 090 {optItemNo=1, optNo=1, optStock=1, optCode=00001, optQty=7, optItemValue=095} 095 {optItemNo=2, optNo=1, optStock=1, optCode=00002, optQty=7, optItemValue=100} 100 {optItemNo=3, optNo=1, optStock=1, optCode=00003, optQty=5, optItemValue=105} 105 {optItemNo=4, optNo=1, optStock=1, optCode=00004, optQty=0, optItemValue=110} 110 총 상품금액 0원 찜하기 장바구니 바로구매",151200,189000,http://www.millet.co.kr/data/product/origin/20260303/V88cKwXko62pLCkO.qhnbbxt108xc.jpg,,,,,https://www.millet.co.kr/,https: > www.millet.co.kr,,,,,,2026-04-18 16:54
MILLET,https://www.millet.co.kr/,https://www.millet.co.kr/front/product/28798,LD MT 써밋 코듀라 자켓_MXVSJ502 공유하기 주소가 복사되었습니다.,"MILLET MXVSJ50235 LD MT 써밋 코듀라 자켓_MXVSJ502 공유하기 주소가 복사되었습니다. 신상품 299,000원 20% 239,200원 (0) 신규회원 혜택가 219,200원 신규 가입 시 20,000원 할인쿠폰 즉시 지급 추가 혜택가 첫 구매 1만원 쿠폰 추가 발급 (첫 구매 10만원 이상일 경우) 생일 10%할인 쿠폰 발급 카드사 혜택 자세히 보기 카드사 혜택 확인 닫기 컬러 사이즈 {optItemNo=5, optNo=1, optStock=1, optCode=00005, optQty=6, optItemValue=090} 090 {optItemNo=1, optNo=1, optStock=1, optCode=00001, optQty=7, optItemValue=095} 095 {optItemNo=2, optNo=1, optStock=1, optCode=00002, optQty=7, optItemValue=100} 100 {optItemNo=3, optNo=1, optStock=1, optCode=00003, optQty=4, optItemValue=105} 105 총 상품금액 0원 찜하기 장바구니 바로구매",239200,299000,http://www.millet.co.kr/data/product/origin/20260317/V88cKEaODgVIHNo1.to7dezbo7k9t.jpg,,,,,https://www.millet.co.kr/,https: > www.millet.co.kr,,,,,,2026-04-18 16:54
MILLET,https://www.millet.co.kr/,https://www.millet.co.kr/front/product/28924,ML BR 스트라이프 아이스 스웨터_MLVUN274 공유하기 주소가 복사되었습니다.,"MILLET MLVUN274M7 ML BR 스트라이프 아이스 스웨터_MLVUN274 공유하기 주소가 복사되었습니다. 신상품 COOL 124,000원 20% 99,200원 (0) 추가 혜택가 첫 구매 1만원 쿠폰 추가 발급 (첫 구매 10만원 이상일 경우) 생일 10%할인 쿠폰 발급 카드사 혜택 자세히 보기 카드사 혜택 확인 닫기 컬러 사이즈 {optItemNo=1, optNo=1, optStock=1, optCode=00001, optQty=7, optItemValue=095} 095 {optItemNo=2, optNo=1, optStock=1, optCode=00002, optQty=7, optItemValue=100} 100 {optItemNo=3, optNo=1, optStock=1, optCode=00003, optQty=7, optItemValue=105} 105 총 상품금액 0원 찜하기 장바구니 바로구매",99200,124000,http://www.millet.co.kr/data/product/origin/20260403/V6y5m4ztiTBzGO2b.t8cep1gmwa47.jpg,,,,,https://www.millet.co.kr/,https: > www.millet.co.kr,,,,,,2026-04-18 16:54
MILLET,https://www.millet.co.kr/,https://www.millet.co.kr/front/product/28909,MT 드라이 반팔 티셔츠_MXVUT063 공유하기 주소가 복사되었습니다.,"MILLET MXVUT06310 MT 드라이 반팔 티셔츠_MXVUT063 공유하기 주소가 복사되었습니다. 신상품 69,000원 20% 55,200원 (0) 추가 혜택가 첫 구매 1만원 쿠폰 추가 발급 (첫 구매 10만원 이상일 경우) 생일 10%할인 쿠폰 발급 카드사 혜택 자세히 보기 카드사 혜택 확인 닫기 컬러 사이즈 {optItemNo=1, optNo=1, optStock=1, optCode=00001, optQty=7, optItemValue=095} 095 {optItemNo=2, optNo=1, optStock=1, optCode=00002, optQty=9, optItemValue=100} 100 {optItemNo=3, optNo=1, optStock=1, optCode=00003, optQty=10, optItemValue=105} 105 {optItemNo=4, optNo=1, optStock=1, optCode=00004, optQty=7, optItemValue=110} 110 총 상품금액 0원 찜하기 장바구니 바로구매",55200,69000,http://www.millet.co.kr/data/product/origin/20260403/24XbaIXGjW914JWtKD.t4ncf3jqt4qb.jpg,,,,,https://www.millet.co.kr/,https: > www.millet.co.kr,,,,,,2026-04-18 16:54
MILLET,https://www.millet.co.kr/,https://www.millet.co.kr/front/product/28912,LD MT DTP 반팔 티셔츠_MXVUT565 공유하기 주소가 복사되었습니다.,"MILLET MXVUT56563 LD MT DTP 반팔 티셔츠_MXVUT565 공유하기 주소가 복사되었습니다. 신상품 69,000원 20% 55,200원 (0) 추가 혜택가 첫 구매 1만원 쿠폰 추가 발급 (첫 구매 10만원 이상일 경우) 생일 10%할인 쿠폰 발급 카드사 혜택 자세히 보기 카드사 혜택 확인 닫기 컬러 사이즈 {optItemNo=1, optNo=1, optStock=1, optCode=00001, optQty=7, optItemValue=090} 090 {optItemNo=2, optNo=1, optStock=1, optCode=00002, optQty=7, optItemValue=095} 095 {optItemNo=3, optNo=1, optStock=1, optCode=00003, optQty=7, optItemValue=100} 100 {optItemNo=4, optNo=1, optStock=1, optCode=00004, optQty=4, optItemValue=105} 105 총 상품금액 0원 찜하기 장바구니 바로구매",55200,69000,http://www.millet.co.kr/data/product/origin/20260403/24XbaIXHA8HFv9EGNV.1hr5dhg1bem9i.jpg,,,,,https://www.millet.co.kr/,https: > www.millet.co.kr,,,,,,2026-04-18 16:54
MILLET,https://www.millet.co.kr/,https://www.millet.co.kr/front/product/28904,LD 본느 라운드 티셔츠_MLVUT665 공유하기 주소가 복사되었습니다.,"MILLET MLVUT665H0 LD 본느 라운드 티셔츠_MLVUT665 공유하기 주소가 복사되었습니다. 신상품 COOL 49,000원 20% 39,200원 (0) 추가 혜택가 첫 구매 1만원 쿠폰 추가 발급 (첫 구매 10만원 이상일 경우) 생일 10%할인 쿠폰 발급 카드사 혜택 자세히 보기 카드사 혜택 확인 닫기 컬러 사이즈 {optItemNo=1, optNo=1, optStock=1, optCode=00001, optQty=5, optItemValue=090} 090 {optItemNo=2, optNo=1, optStock=1, optCode=00002, optQty=10, optItemValue=095} 095 {optItemNo=3, optNo=1, optStock=1, optCode=00003, optQty=10, optItemValue=100} 100 {optItemNo=4, optNo=1, optStock=1, optCode=00004, optQty=7, optItemValue=105} 105 총 상품금액 0원 찜하기 장바구니 바로구매",39200,49000,http://www.millet.co.kr/data/product/origin/20260403/24Sm7qYlnQ8USp0KJN.1hrlykk7ding7.jpg,,,,,https://www.millet.co.kr/,https: > www.millet.co.kr,,,,,,2026-04-18 16:54
MILLET,https://www.millet.co.kr/,https://www.millet.co.kr/front/product/28793,디맥스 타이다이 반팔 티셔츠_MRVUT072 공유하기 주소가 복사되었습니다.,"MILLET MRVUT072H4 디맥스 타이다이 반팔 티셔츠_MRVUT072 공유하기 주소가 복사되었습니다. 신상품 69,000원 20% 55,200원 (0) 추가 혜택가 첫 구매 1만원 쿠폰 추가 발급 (첫 구매 10만원 이상일 경우) 생일 10%할인 쿠폰 발급 카드사 혜택 자세히 보기 카드사 혜택 확인 닫기 컬러 사이즈 {optItemNo=1, optNo=1, optStock=1, optCode=00001, optQty=7, optItemValue=095} 095 {optItemNo=2, optNo=1, optStock=1, optCode=00002, optQty=9, optItemValue=100} 100 {optItemNo=3, optNo=1, optStock=1, optCode=00003, optQty=9, optItemValue=105} 105 {optItemNo=4, optNo=1, optStock=1, optCode=00004, optQty=7, optItemValue=110} 110 총 상품금액 0원 찜하기 장바구니 바로구매",55200,69000,http://www.millet.co.kr/data/product/origin/20260316/V7YM3WSKxB1Iyb57.s50nfjgxr320.jpg,,,,,https://www.millet.co.kr/,https: > www.millet.co.kr,,,,,,2026-04-18 16:54
MILLET,https://www.millet.co.kr/,https://www.millet.co.kr/front/product/28870,MT 조디악 테크 팬츠_MXVUP080 공유하기 주소가 복사되었습니다.,"MILLET MXVUP08032 MT 조디악 테크 팬츠_MXVUP080 공유하기 주소가 복사되었습니다. 신상품 159,000원 20% 127,200원 (0) 신규회원 혜택가 107,200원 신규 가입 시 20,000원 할인쿠폰 즉시 지급 추가 혜택가 첫 구매 1만원 쿠폰 추가 발급 (첫 구매 10만원 이상일 경우) 생일 10%할인 쿠폰 발급 카드사 혜택 자세히 보기 카드사 혜택 확인 닫기 컬러 사이즈 {optItemNo=1, optNo=1, optStock=1, optCode=00001, optQty=7, optItemValue=080} 080 {optItemNo=2, optNo=1, optStock=1, optCode=00002, optQty=7, optItemValue=084} 084 {optItemNo=3, optNo=1, optStock=1, optCode=00003, optQty=7, optItemValue=088} 088 {optItemNo=4, optNo=1, optStock=1, optCode=00004, optQty=0, optItemValue=092} 092 총 상품금액 0원 찜하기 장바구니 바로구매",127200,159000,http://www.millet.co.kr/data/product/origin/20260327/24XbaIVqopZc7uJAGX.qxw3rdzwv1gz.jpg,,,,,https://www.millet.co.kr/,https: > www.millet.co.kr,,,,,,2026-04-18 16:54
MILLET,https://www.millet.co.kr/,https://www.millet.co.kr/front/product/28875,LD MT 조디악 테크 팬츠_MXVUP580 공유하기 주소가 복사되었습니다.,"MILLET MXVUP58016 LD MT 조디악 테크 팬츠_MXVUP580 공유하기 주소가 복사되었습니다. 신상품 159,000원 20% 127,200원 (0) 신규회원 혜택가 107,200원 신규 가입 시 20,000원 할인쿠폰 즉시 지급 추가 혜택가 첫 구매 1만원 쿠폰 추가 발급 (첫 구매 10만원 이상일 경우) 생일 10%할인 쿠폰 발급 카드사 혜택 자세히 보기 카드사 혜택 확인 닫기 컬러 사이즈 {optItemNo=5, optNo=1, optStock=1, optCode=00005, optQty=7, optItemValue=067} 067 {optItemNo=6, optNo=1, optStock=1, optCode=00006, optQty=7, optItemValue=070} 070 {optItemNo=7, optNo=1, optStock=1, optCode=00007, optQty=7, optItemValue=073} 073 총 상품금액 0원 찜하기 장바구니 바로구매",127200,159000,http://www.millet.co.kr/data/product/origin/20260327/24XbaIVrFRhDjbsjqb.1k202e4uoy5v6.jpg,,,,,https://www.millet.co.kr/,https: > www.millet.co.kr,,,,,,2026-04-18 16:54
MILLET,https://www.millet.co.kr/,https://www.millet.co.kr/front/product/28805,MT 써밋 코듀라 모듈 팬츠_MXVSP031 공유하기 주소가 복사되었습니다.,"MILLET MXVSP031E9 MT 써밋 코듀라 모듈 팬츠_MXVSP031 공유하기 주소가 복사되었습니다. 신상품 209,000원 20% 167,200원 (0) 신규회원 혜택가 147,200원 신규 가입 시 20,000원 할인쿠폰 즉시 지급 추가 혜택가 첫 구매 1만원 쿠폰 추가 발급 (첫 구매 10만원 이상일 경우) 생일 10%할인 쿠폰 발급 카드사 혜택 자세히 보기 카드사 혜택 확인 닫기 컬러 사이즈 {optItemNo=1, optNo=1, optStock=1, optCode=00001, optQty=7, optItemValue=080} 080 {optItemNo=2, optNo=1, optStock=1, optCode=00002, optQty=7, optItemValue=084} 084 {optItemNo=3, optNo=1, optStock=1, optCode=00003, optQty=6, optItemValue=088} 088 {optItemNo=4, optNo=1, optStock=1, optCode=00004, optQty=4, optItemValue=092} 092 총 상품금액 0원 찜하기 장바구니 바로구매",167200,209000,http://www.millet.co.kr/data/product/origin/20260320/V88cKF6Dw6zY8tlp.qhkjk9us6r04.jpg,,,,,https://www.millet.co.kr/,https: > www.millet.co.kr,,,,,,2026-04-18 16:54
MILLET,https://www.millet.co.kr/,https://www.millet.co.kr/front/product/28812,LD 카고 세미 와이드 팬츠_MLVSP631 공유하기 주소가 복사되었습니다.,"MILLET MLVSP63146 LD 카고 세미 와이드 팬츠_MLVSP631 공유하기 주소가 복사되었습니다. 신상품 119,000원 20% 95,200원 (0) 추가 혜택가 첫 구매 1만원 쿠폰 추가 발급 (첫 구매 10만원 이상일 경우) 생일 10%할인 쿠폰 발급 카드사 혜택 자세히 보기 카드사 혜택 확인 닫기 컬러 사이즈 {optItemNo=1, optNo=1, optStock=1, optCode=00001, optQty=5, optItemValue=067} 067 {optItemNo=2, optNo=1, optStock=1, optCode=00002, optQty=7, optItemValue=070} 070 {optItemNo=3, optNo=1, optStock=1, optCode=00003, optQty=7, optItemValue=073} 073 {optItemNo=4, optNo=1, optStock=1, optCode=00004, optQty=7, optItemValue=076} 076 총 상품금액 0원 찜하기 장바구니 바로구매",95200,119000,http://www.millet.co.kr/data/product/origin/20260324/24Sm7nbqlRvfnZbFQ1.u7p17pvagqwg.jpg,,,,,https://www.millet.co.kr/,https: > www.millet.co.kr,,,,,,2026-04-18 16:54
MILLET,https://www.millet.co.kr/,https://www.millet.co.kr/front/product/28775,디맥스 하이브리드 팬츠_MRVUP090 공유하기 주소가 복사되었습니다.,"MILLET MRVUP09016 디맥스 하이브리드 팬츠_MRVUP090 공유하기 주소가 복사되었습니다. 신상품 129,000원 20% 103,200원 (0) 신규회원 혜택가 83,200원 신규 가입 시 20,000원 할인쿠폰 즉시 지급 추가 혜택가 첫 구매 1만원 쿠폰 추가 발급 (첫 구매 10만원 이상일 경우) 생일 10%할인 쿠폰 발급 카드사 혜택 자세히 보기 카드사 혜택 확인 닫기 컬러 사이즈 {optItemNo=1, optNo=1, optStock=1, optCode=00001, optQty=7, optItemValue=080} 080 {optItemNo=2, optNo=1, optStock=1, optCode=00002, optQty=10, optItemValue=085} 085 {optItemNo=3, optNo=1, optStock=1, optCode=00003, optQty=10, optItemValue=090} 090 {optItemNo=4, optNo=1, optStock=1, optCode=00004, optQty=7, optItemValue=095} 095 총 상품금액 0원 찜하기 장바구니 바로구매",103200,129000,http://www.millet.co.kr/data/product/origin/20260313/24VBr4Wb5pmNuuezwn.toihaqou5d9d.jpg,,,,,https://www.millet.co.kr/,https: > www.millet.co.kr,,,,,,2026-04-18 16:54
MILLET,https://www.millet.co.kr/,https://www.millet.co.kr/front/product/28880,버블리 호보백_MXVSA503 공유하기 주소가 복사되었습니다.,"MILLET MXVSA50370 버블리 호보백_MXVSA503 공유하기 주소가 복사되었습니다. 신상품 69,000원 10% 62,100원 (0) 추가 혜택가 첫 구매 1만원 쿠폰 추가 발급 (첫 구매 10만원 이상일 경우) 생일 10%할인 쿠폰 발급 카드사 혜택 자세히 보기 카드사 혜택 확인 닫기 컬러 사이즈 {optItemNo=1, optNo=1, optStock=1, optCode=00001, optQty=10, optItemValue=FRE} FRE 총 상품금액 0원 찜하기 장바구니 바로구매",62100,69000,http://www.millet.co.kr/data/product/origin/20260327/24XbaFV2RrxaiPZUTx.1iaxoblsc0y7m.jpg,,,,,https://www.millet.co.kr/,https: > www.millet.co.kr,,,,,,2026-04-18 16:54
MILLET,https://www.millet.co.kr/,https://www.millet.co.kr/front/product/28808,디맥스 15 DSE_MXVSK913 공유하기 주소가 복사되었습니다.,"MILLET MXVSK91310 디맥스 15 DSE_MXVSK913 공유하기 주소가 복사되었습니다. 신상품 다이니마 149,000원 10% 134,100원 (0) 신규회원 혜택가 114,100원 신규 가입 시 20,000원 할인쿠폰 즉시 지급 추가 혜택가 첫 구매 1만원 쿠폰 추가 발급 (첫 구매 10만원 이상일 경우) 생일 10%할인 쿠폰 발급 카드사 혜택 자세히 보기 카드사 혜택 확인 닫기 컬러 사이즈 {optItemNo=1, optNo=1, optStock=1, optCode=00001, optQty=7, optItemValue=FRE} FRE 총 상품금액 0원 찜하기 장바구니 바로구매",134100,149000,http://www.millet.co.kr/data/product/origin/20260320/24XbaFYaa0BPN1Io8P.sok32jlp7j1y.jpg,,,,,https://www.millet.co.kr/,https: > www.millet.co.kr,,,,,,2026-04-18 16:54
MILLET,https://www.millet.co.kr/,https://www.millet.co.kr/front/product/28850,베스타 10_MVVSK906 공유하기 주소가 복사되었습니다.,"MILLET MVVSK90662 베스타 10_MVVSK906 공유하기 주소가 복사되었습니다. 신상품 85,000원 20% 68,000원 (0) 추가 혜택가 첫 구매 1만원 쿠폰 추가 발급 (첫 구매 10만원 이상일 경우) 생일 10%할인 쿠폰 발급 카드사 혜택 자세히 보기 카드사 혜택 확인 닫기 컬러 사이즈 {optItemNo=1, optNo=1, optStock=1, optCode=00001, optQty=19, optItemValue=FRE} FRE 총 상품금액 0원 찜하기 장바구니 바로구매",68000,85000,http://www.millet.co.kr/data/product/origin/20260326/24WnfqEAfdshliM3oP.tnz0xmou7ho7.jpg,,,,,https://www.millet.co.kr/,https: > www.millet.co.kr,,,,,,2026-04-18 16:54
MILLET,https://www.millet.co.kr/,https://www.millet.co.kr/front/product/28629,립 반 장갑_MXVSL903 공유하기 주소가 복사되었습니다.,"MILLET MXVSL90316 립 반 장갑_MXVSL903 공유하기 주소가 복사되었습니다. 신상품 47,000원 10% 42,300원 (0) 추가 혜택가 첫 구매 1만원 쿠폰 추가 발급 (첫 구매 10만원 이상일 경우) 생일 10%할인 쿠폰 발급 카드사 혜택 자세히 보기 카드사 혜택 확인 닫기 컬러 사이즈 {optItemNo=3, optNo=1, optStock=1, optCode=00003, optQty=7, optItemValue=00S} 00S {optItemNo=1, optNo=1, optStock=1, optCode=00001, optQty=10, optItemValue=00M} 00M {optItemNo=2, optNo=1, optStock=1, optCode=00002, optQty=10, optItemValue=00L} 00L 총 상품금액 0원 찜하기 장바구니 바로구매",42300,47000,http://www.millet.co.kr/data/product/origin/20260202/24XbaFYwYfB3rguIE5.1k22aqu36mnvo.JPG,,,,,https://www.millet.co.kr/,https: > www.millet.co.kr,,,,,,2026-04-18 16:54
MILLET,https://www.millet.co.kr/,https://www.millet.co.kr/front/product/27369,스핀쉴드 에어 화이트 매트 / 멀티레이저 골드 (SP845758-0000) 공유하기 주소가 복사되었습니다.,"RUDY PROJECT SP845758-0000 스핀쉴드 에어 화이트 매트 / 멀티레이저 골드 (SP845758-0000) 공유하기 주소가 복사되었습니다. 240,000원 10% 216,000원 (0) 신규회원 혜택가 196,000원 신규 가입 시 20,000원 할인쿠폰 즉시 지급 추가 혜택가 첫 구매 1만원 쿠폰 추가 발급 (첫 구매 10만원 이상일 경우) 생일 10%할인 쿠폰 발급 카드사 혜택 자세히 보기 카드사 혜택 확인 닫기 컬러 총 상품금액 0원 찜하기 장바구니 바로구매",216000,240000,http://www.millet.co.kr/data/product/origin/20250314/1c.qdt9rxu3d0td.jpg,,,,,https://www.millet.co.kr/,https: > www.millet.co.kr,,,,,,2026-04-18 16:54
MILLET,https://www.millet.co.kr/,https://www.millet.co.kr/front/product/28787,Q-발가락양말_MVVSO941 공유하기 주소가 복사되었습니다.,"MILLET MVVSO94116 Q-발가락양말_MVVSO941 공유하기 주소가 복사되었습니다. 신상품 15,000원 30% 10,500원 (0) 추가 혜택가 첫 구매 1만원 쿠폰 추가 발급 (첫 구매 10만원 이상일 경우) 생일 10%할인 쿠폰 발급 카드사 혜택 자세히 보기 카드사 혜택 확인 닫기 컬러 사이즈 {optItemNo=1, optNo=1, optStock=1, optCode=00001, optQty=985, optItemValue=00L} 00L 총 상품금액 0원 찜하기 장바구니 바로구매",10500,15000,http://www.millet.co.kr/data/product/origin/20260313/24WnfqFaaS9Am4DXO5.1jeqkm8woaomx.jpg,,,,,https://www.millet.co.kr/,https: > www.millet.co.kr,,,,,,2026-04-18 16:54
MILLET,https://www.millet.co.kr/,https://www.millet.co.kr/front/product/27952,아스트랄 X 블랙 매트 / 스모크 (SP941006-0000) 공유하기 주소가 복사되었습니다.,"RUDY PROJECT SP941006-0000 아스트랄 X 블랙 매트 / 스모크 (SP941006-0000) 공유하기 주소가 복사되었습니다. 210,000원 10% 189,000원 (0) 신규회원 혜택가 169,000원 신규 가입 시 20,000원 할인쿠폰 즉시 지급 추가 혜택가 첫 구매 1만원 쿠폰 추가 발급 (첫 구매 10만원 이상일 경우) 생일 10%할인 쿠폰 발급 카드사 혜택 자세히 보기 카드사 혜택 확인 닫기 컬러 총 상품금액 0원 찜하기 장바구니 바로구매",189000,210000,http://www.millet.co.kr/data/product/origin/20250819/n.qdst0m4tfgx1.jpg,,,,,https://www.millet.co.kr/,https: > www.millet.co.kr,,,,,,2026-04-18 16:54
MILLET,https://www.millet.co.kr/,https://www.millet.co.kr/front/product/27813,MILLET MEN CARGO SHORTS_MCTUP411 공유하기 주소가 복사되었습니다.,"MILLET MCTUP41141 MILLET MEN CARGO SHORTS_MCTUP411 공유하기 주소가 복사되었습니다. S/S 79,000원 56% 35,000원 (1) 추가 혜택가 첫 구매 1만원 쿠폰 추가 발급 (첫 구매 10만원 이상일 경우) 생일 10%할인 쿠폰 발급 카드사 혜택 자세히 보기 카드사 혜택 확인 닫기 컬러 사이즈 {optItemNo=1, optNo=1, optStock=1, optCode=00001, optQty=3, optItemValue=080} 080 {optItemNo=2, optNo=1, optStock=1, optCode=00002, optQty=13, optItemValue=084} 084 {optItemNo=3, optNo=1, optStock=1, optCode=00003, optQty=0, optItemValue=088} 088 {optItemNo=4, optNo=1, optStock=1, optCode=00004, optQty=5, optItemValue=092} 092 {optItemNo=5, optNo=1, optStock=1, optCode=00005, optQty=10, optItemValue=096} 096 총 상품금액 0원 찜하기 장바구니 바로구매",35000,79000,http://www.millet.co.kr/data/product/origin/20250708/24P9Kv7zTEdfRMFcYM.vf1f2ilh90l5.jpg,,,,,https://www.millet.co.kr/,https: > www.millet.co.kr,,,,,,2026-04-18 16:54
MILLET,https://www.millet.co.kr/,https://www.millet.co.kr/front/product/27535,DRYNAMIC MESH NS CREW_U001 공유하기 주소가 복사되었습니다.,"MILLET GLOBAL MJUFU00188 DRYNAMIC MESH NS CREW_U001 공유하기 주소가 복사되었습니다. 70,000원 10% 63,000원 (2) 추가 혜택가 첫 구매 1만원 쿠폰 추가 발급 (첫 구매 10만원 이상일 경우) 생일 10%할인 쿠폰 발급 카드사 혜택 자세히 보기 카드사 혜택 확인 닫기 컬러 사이즈 {optItemNo=5, optNo=1, optStock=1, optCode=00005, optQty=18, optItemValue=100} 100 {optItemNo=6, optNo=1, optStock=1, optCode=00006, optQty=10, optItemValue=105} 105 총 상품금액 0원 찜하기 장바구니 바로구매",63000,70000,http://www.millet.co.kr/data/product/origin/20250415/24Ry1LoDhWGZkatf8L.qe1k8wczc7qs.JPG,,,,,https://www.millet.co.kr/,https: > www.millet.co.kr,,,,,,2026-04-18 16:54
MILLET,https://www.millet.co.kr/,https://www.millet.co.kr/front/product/28337,DRYNAMIC MESH 3/4 SLEEVE CREW_MJUFU006 공유하기 주소가 복사되었습니다.,"MILLET GLOBAL MJUFU00612 DRYNAMIC MESH 3/4 SLEEVE CREW_MJUFU006 공유하기 주소가 복사되었습니다. 90,000원 10% 81,000원 (0) 추가 혜택가 첫 구매 1만원 쿠폰 추가 발급 (첫 구매 10만원 이상일 경우) 생일 10%할인 쿠폰 발급 카드사 혜택 자세히 보기 카드사 혜택 확인 닫기 컬러 사이즈 {optItemNo=8, optNo=1, optStock=1, optCode=00008, optQty=6, optItemValue=100} 100 {optItemNo=6, optNo=1, optStock=1, optCode=00006, optQty=1, optItemValue=105} 105 총 상품금액 0원 찜하기 장바구니 바로구매",81000,90000,http://www.millet.co.kr/data/product/origin/20251117/1fF3OJreqEWfTHw9HNSXtoZKZw.rhdcaekx4ugn.jpg,,,,,https://www.millet.co.kr/,https: > www.millet.co.kr,,,,,,2026-04-18 16:54
MILLET,https://www.millet.co.kr/,https://www.millet.co.kr/front/product/28771,LD 디맥스 방풍 자켓_MRVUJ550 공유하기 주소가 복사되었습니다.,"MILLET MRVUJ55070 LD 디맥스 방풍 자켓_MRVUJ550 공유하기 주소가 복사되었습니다. 신상품 209,000원 20% 167,200원 (0) 신규회원 혜택가 147,200원 신규 가입 시 20,000원 할인쿠폰 즉시 지급 추가 혜택가 첫 구매 1만원 쿠폰 추가 발급 (첫 구매 10만원 이상일 경우) 생일 10%할인 쿠폰 발급 카드사 혜택 자세히 보기 카드사 혜택 확인 닫기 컬러 사이즈 {optItemNo=1, optNo=1, optStock=1, optCode=00001, optQty=6, optItemValue=090} 090 {optItemNo=2, optNo=1, optStock=1, optCode=00002, optQty=6, optItemValue=095} 095 {optItemNo=3, optNo=1, optStock=1, optCode=00003, optQty=7, optItemValue=100} 100 {optItemNo=4, optNo=1, optStock=1, optCode=00004, optQty=0, optItemValue=105} 105 총 상품금액 0원 찜하기 장바구니 바로구매",167200,209000,http://www.millet.co.kr/data/product/origin/20260313/V7YM3VbD8yFxrh9l.1ib35wy1rdb8x.jpg,,,,,https://www.millet.co.kr/,https: > www.millet.co.kr,,,,,,2026-04-18 16:54
MILLET,https://www.millet.co.kr/,https://www.millet.co.kr/front/product/27669,LD 줄리 카라 티셔츠_MLUUT674 공유하기 주소가 복사되었습니다.,"MILLET MLUUT67416 LD 줄리 카라 티셔츠_MLUUT674 공유하기 주소가 복사되었습니다. S/S 99,000원 40% 59,400원 (0) 추가 혜택가 첫 구매 1만원 쿠폰 추가 발급 (첫 구매 10만원 이상일 경우) 생일 10%할인 쿠폰 발급 카드사 혜택 자세히 보기 카드사 혜택 확인 닫기 컬러 사이즈 {optItemNo=1, optNo=1, optStock=1, optCode=00001, optQty=4, optItemValue=090} 090 {optItemNo=2, optNo=1, optStock=1, optCode=00002, optQty=4, optItemValue=095} 095 {optItemNo=3, optNo=1, optStock=1, optCode=00003, optQty=0, optItemValue=100} 100 {optItemNo=4, optNo=1, optStock=1, optCode=00004, optQty=3, optItemValue=105} 105 총 상품금액 0원 찜하기 장바구니 바로구매",59400,99000,http://www.millet.co.kr/data/product/origin/20250512/7XAfjMzpvmdw7JR.1ji7aeef1lw83.jpg,,,,,https://www.millet.co.kr/,https: > www.millet.co.kr,,,,,,2026-04-18 16:54
MILLET,https://www.millet.co.kr/,https://www.millet.co.kr/front/product/28555,시그니처 윈드스타퍼 자켓_MXVSG001 공유하기 주소가 복사되었습니다.,"MILLET MXVSG00116 시그니처 윈드스타퍼 자켓_MXVSG001 공유하기 주소가 복사되었습니다. 신상품 고어텍스 249,000원 20% 199,200원 (0) 신규회원 혜택가 179,200원 신규 가입 시 20,000원 할인쿠폰 즉시 지급 추가 혜택가 첫 구매 1만원 쿠폰 추가 발급 (첫 구매 10만원 이상일 경우) 생일 10%할인 쿠폰 발급 카드사 혜택 자세히 보기 카드사 혜택 확인 닫기 컬러 사이즈 {optItemNo=1, optNo=1, optStock=1, optCode=00001, optQty=9, optItemValue=095} 095 {optItemNo=2, optNo=1, optStock=1, optCode=00002, optQty=7, optItemValue=100} 100 {optItemNo=3, optNo=1, optStock=1, optCode=00003, optQty=9, optItemValue=105} 105 {optItemNo=4, optNo=1, optStock=1, optCode=00004, optQty=6, optItemValue=110} 110 총 상품금액 0원 찜하기 장바구니 바로구매",199200,249000,http://www.millet.co.kr/data/product/origin/20251219/24XbaFX9tLWpteQ8ET.rl7vuhtw446w.JPG,,,,,https://www.millet.co.kr/,https: > www.millet.co.kr,,,,,,2026-04-18 16:54
MILLET,https://www.millet.co.kr/,https://www.millet.co.kr/front/product/28945,여성 썬 캡_MXVSC510 공유하기 주소가 복사되었습니다.,"MILLET MXVSC51030 여성 썬 캡_MXVSC510 공유하기 주소가 복사되었습니다. 신상품 60,000원 10% 54,000원 (0) 추가 혜택가 첫 구매 1만원 쿠폰 추가 발급 (첫 구매 10만원 이상일 경우) 생일 10%할인 쿠폰 발급 카드사 혜택 자세히 보기 카드사 혜택 확인 닫기 컬러 사이즈 {optItemNo=1, optNo=1, optStock=1, optCode=00001, optQty=20, optItemValue=FRE} FRE 총 상품금액 0원 찜하기 장바구니 바로구매",54000,60000,http://www.millet.co.kr/data/product/origin/20260408/24XbaFVkPFnjtti1wn.rhufosx72omw.JPG,,,,,https://www.millet.co.kr/,https: > www.millet.co.kr,,,,,,2026-04-18 16:54
MILLET,https://www.millet.co.kr/,https://www.millet.co.kr/front/product/27532,DRYNAMIC MESH SS_U005 공유하기 주소가 복사되었습니다.,"MILLET GLOBAL MJUUU00588 DRYNAMIC MESH SS_U005 공유하기 주소가 복사되었습니다. 80,000원 10% 72,000원 (0) 추가 혜택가 첫 구매 1만원 쿠폰 추가 발급 (첫 구매 10만원 이상일 경우) 생일 10%할인 쿠폰 발급 카드사 혜택 자세히 보기 카드사 혜택 확인 닫기 컬러 사이즈 {optItemNo=5, optNo=1, optStock=1, optCode=00005, optQty=69, optItemValue=100} 100 {optItemNo=6, optNo=1, optStock=1, optCode=00006, optQty=3, optItemValue=105} 105 총 상품금액 0원 찜하기 장바구니 바로구매",72000,80000,http://www.millet.co.kr/data/product/origin/20250414/24Ry1LoDhWHpBG6cOP.1jicu0khu4r51.JPG,,,,,https://www.millet.co.kr/,https: > www.millet.co.kr,,,,,,2026-04-18 16:54
MILLET,https://www.millet.co.kr/,https://www.millet.co.kr/front/product/28944,와이드 지사 햇_MXVSC507 공유하기 주소가 복사되었습니다.,"MILLET MXVSC50770 와이드 지사 햇_MXVSC507 공유하기 주소가 복사되었습니다. 신상품 69,000원 10% 62,100원 (0) 추가 혜택가 첫 구매 1만원 쿠폰 추가 발급 (첫 구매 10만원 이상일 경우) 생일 10%할인 쿠폰 발급 카드사 혜택 자세히 보기 카드사 혜택 확인 닫기 컬러 사이즈 {optItemNo=1, optNo=1, optStock=1, optCode=00001, optQty=10, optItemValue=FRE} FRE 총 상품금액 0원 찜하기 장바구니 바로구매",62100,69000,http://www.millet.co.kr/data/product/origin/20260408/24XbaFVkPEY0BH70qX.rhufd8ly2ipf.jpg,,,,,https://www.millet.co.kr/,https: > www.millet.co.kr,,,,,,2026-04-18 16:54
MILLET,https://www.millet.co.kr/,https://www.millet.co.kr/front/product/28933,LD 엘라 베스트_MLVUV651 공유하기 주소가 복사되었습니다.,"MILLET MLVUV65165 LD 엘라 베스트_MLVUV651 공유하기 주소가 복사되었습니다. 신상품 159,000원 20% 127,200원 (0) 신규회원 혜택가 107,200원 신규 가입 시 20,000원 할인쿠폰 즉시 지급 추가 혜택가 첫 구매 1만원 쿠폰 추가 발급 (첫 구매 10만원 이상일 경우) 생일 10%할인 쿠폰 발급 카드사 혜택 자세히 보기 카드사 혜택 확인 닫기 컬러 사이즈 {optItemNo=1, optNo=1, optStock=1, optCode=00001, optQty=7, optItemValue=090} 090 {optItemNo=2, optNo=1, optStock=1, optCode=00002, optQty=7, optItemValue=095} 095 {optItemNo=3, optNo=1, optStock=1, optCode=00003, optQty=7, optItemValue=100} 100 {optItemNo=4, optNo=1, optStock=1, optCode=00004, optQty=5, optItemValue=105} 105 총 상품금액 0원 찜하기 장바구니 바로구매",127200,159000,http://www.millet.co.kr/data/product/origin/20260408/V6y5m5gZ3j9jPmW9.1jy7oujf1kbc5.jpg,,,,,https://www.millet.co.kr/,https: > www.millet.co.kr,,,,,,2026-04-18 16:54
MILLET,https://www.millet.co.kr/,https://www.millet.co.kr/front/product/category/417?psort=new,스핀쉴드 에어 화이트 매트 / 멀티레이저 골드 (SP845758-0000),"History of Mountain 산과 우리의 103년 스토리, 프랑스 글로벌 아웃도어 밀레",59200,59200,https://www.millet.co.kr/data/banner/Y9KnBC3L.1jyodr8px5we0.jpg,,,,,https://www.millet.co.kr/,https: > www.millet.co.kr,,,,,,2026-04-18 16:54
